emitent,nazwa,segment,jednostka transakcyjna,kurs odniesienia**,kurs otwarcia**,kurs min,kurs max,data/czas ost. trans.,wolumen ost. trans.,kurs ostatni*,zmiana,najlepsza oferta kupna liczba zleceń,najlepsza oferta kupna wolumen,najlepsza oferta kupna limit,najlepsza oferta sprzedaży limit,najlepsza oferta sprzedaży wolumen,najlepsza oferta sprzedaży liczba zleceń,limit transakcji,obrót skumulowany wolumen,obrót skumulowany wartość (tys. PLN)
AB,ABE0726,GPW ASO,1,"100,0000",-,-,-,-,-,-,-,-,-,-,-,-,-,-,-,-
ARCHE,ACH0427,GPW ASO,1,"103,0000","103,0000",-,-,2024-12-20,-,"103,0000",-,-,-,-,"105,0000",7,1,1,14,"14,76"
ARCHE,ACH0725,GPW ASO,1,"102,6500",-,-,-,2024-11-28,-,"102,6500",-,1,8,"100,0200","103,9000",6,1,-,-,-
ARCHE,ACH0826,GPW ASO,1,"104,0000",-,-,-,2024-12-09,-,"104,0000",-,1,8,"102,0000",-,-,-,-,-,-
ARCHE,ACH1125,GPW ASO,1,"101,0000",-,-,-,2024-12-18,-,"101,0000",-,1,1,"100,5900","103,9800",11,1,-,-,-
ALIOR BANK,ALR0428,GPW ASO,1,"100,0000",-,-,-,-,-,-,-,-,-,-,-,-,-,-,-,-
ALIOR BANK,ALR0626,GPW RR,1,"101,5000",-,-,-,2024-11-22,-,"101,5000",-,-,-,-,-,-,-,-,-,-
ALIOR BANK,ALR0627,GPW ASO,1,"101,9000",-,-,-,2024-11-28,-,"101,9000",-,-,-,-,"101,9000",5,1,-,-,-
ALIOR BANK,ALR0628,GPW ASO,1,"100,0000",-,-,-,-,-,-,-,-,-,-,-,-,-,-,-,-
ALIOR BANK,"ALR1225
                                    

                                                                                                             /Z
                                                                          /P",GPW RR,1,"101,8000",-,-,-,2024-10-23,-,"101,8000",-,-,-,-,-,-,-,-,-,-
ANWIM,"ANW1126
                                    

                                                                                                            
                                                                                                             /S",GPW ASO,1,"103,6000",-,-,-,2024-10-24,-,"103,6000",-,1,158,"101,0000",-,-,-,-,-,-
AOW FAKTORING,AOW0125,GPW ASO,1,"99,2000","99,2000",-,-,2024-12-20,-,"99,2000",-,-,-,-,"100,8000",33,1,1,20,"1,01"
AOW FAKTORING,AOW0227,GPW ASO,1,"101,2000",-,-,-,2024-12-06,-,"101,2000",-,1,8,"101,2000",-,-,-,-,-,-
AOW FAKTORING,AOW1027,GPW ASO,1,"101,4900",-,-,-,2024-12-17,-,"101,4900",-,1,3,"101,2000",-,-,-,-,-,-
AOW FAKTORING,AOW1225,GPW ASO,1,"103,0000",-,-,-,2024-12-19,-,"103,0000",-,1,5,"102,5000","104,0000",10,1,-,-,-
ARCHICOM,ARH0227,GPW ASO,1,"101,6200",-,-,-,2024-06-26,-,"101,6200",-,-,-,-,-,-,-,-,-,-
ARCHICOM,ARH0325,GPW ASO,1,"101,0000",-,-,-,2024-10-23,-,"101,0000",-,1,10,"100,1000",-,-,-,-,-,-
ARCHICOM,ARH0627,GPW ASO,1,"100,0000",-,-,-,-,-,-,-,-,-,-,-,-,-,-,-,-
ARCHICOM,ARH0628,GPW ASO,1,"100,0000",-,-,-,-,-,-,-,-,-,-,-,-,-,-,-,-
ART.LOCUM,ARL1226,GPW ASO,1,"102,0000",-,-,-,2024-12-19,-,"102,0000",-,-,-,-,-,-,-,-,-,-
ATAL,ATL0525,GPW ASO,1,"99,0000",-,-,-,2024-06-26,-,"99,0000",-,1,4,"101,0000",-,-,-,-,-,-
ATAL,ATL1025,GPW ASO,1,"100,0000",-,-,-,-,-,-,-,-,-,-,-,-,-,-,-,-
BBI DEVELOPMENT,BBI0225,GPW ASO,1,"97,7400","96,0000",-,-,2024-12-20,-,"99,4900",-,1,15,"93,8000","99,5000",9,2,6,84,"83,75"
BANK POCZTOWY,"BPO0626
                                    
 /P",GPW ASO,1,"102,5000","102,5000",-,-,2024-12-20,-,"102,5000",-,1,53,"102,5000","102,5000",150,1,1,50,"5,15"
BEST,BS10228,GPW ASO,1,"99,7000",-,-,-,-,-,-,-,-,-,-,-,-,-,-,-,-
BEST,BS10327,GPW RR,1,"102,0000","103,0000",-,-,2024-12-20,-,"101,5000",-,1,50,"100,7000","103,0000",105,2,3,208,"21,20"
BEST,BS10829,GPW RR,1,"100,9200","101,0000",-,-,2024-12-20,-,"101,2700",-,1,11,"101,0000","101,2700",46,1,4,254,"25,91"
BEST,BST0128,GPW RR,1,"102,2000",-,-,-,2024-12-19,-,"102,2000",-,1,60,"102,3000","102,9600",52,1,-,-,-
BEST,BST0226,GPW ASO,1,"99,6300",-,-,-,-,-,-,-,-,-,-,-,-,-,-,-,-
BEST,BST0228,GPW RR,1,"102,9200","102,8700",-,-,2024-12-20,-,"102,8800",-,1,100,"102,5000","102,8800",27,2,4,41,"4,26"
BEST,BST0327,GPW RR,1,"102,5000","102,8900",-,-,2024-12-20,-,"102,9000",-,1,21,"101,7000","102,8900",37,1,2,100,"10,34"
BEST,BST0527,GPW ASO,1,"102,6500","102,5000",-,-,2024-12-20,-,"102,5000",-,1,15,"100,0000","102,6500",44,1,1,3,"3,12"
BEST,BST0726,GPW RR,1,"95,4700",-,-,-,2024-12-19,-,"95,4700",-,1,115,"95,0000","95,4000",84,1,-,-,-
BEST,BST0728,GPW RR,1,"102,9900","102,9900",-,-,2024-12-20,-,"102,9900",-,1,45,"102,4000","102,9900",162,1,1,18,"1,89"
BEST,BST0829,GPW RR,1,"101,9800","101,9900",-,-,2024-12-20,-,"102,0000",-,1,55,"101,5200","102,0000",1,1,4,330,"34,09"
BEST,BST1026,GPW RR,1,"103,0000","101,6100",-,-,2024-12-20,-,"101,5000",-,2,139,"101,5000","102,9600",37,1,6,464,"48,12"
BEST,BST1029,GPW RR,1,"99,5000","99,5900",-,-,2024-12-20,-,"99,8500",-,3,42,"99,7800","99,8500",150,1,25,824,"83,42"
BEST,BST1126,GPW ASO,1,"101,2000",-,-,-,2024-12-11,-,"101,2000",-,1,21,"101,2000",-,-,-,-,-,-
BEST,BST1226,GPW RR,1,"101,1000","102,0000",-,-,2024-12-20,-,"102,4900",-,1,100,"101,1100","102,4800",80,1,11,1691,"171,45"
BUDLEX FINANCE,BXF0727,GPW ASO,1,"102,5000",-,-,-,2024-12-17,-,"102,5000",-,1,5,"100,0000","102,3900",3,1,-,-,-
BUDLEX FINANCE,BXF1027,GPW ASO,1,"100,9500",-,-,-,2024-12-19,-,"100,9500",-,1,4,"100,0600","101,6300",51,1,-,-,-
BUDLEX FINANCE,BXF1126,GPW ASO,1,"101,0000","102,0000",-,-,2024-12-20,-,"102,0000",-,1,1,"102,0000","103,9800",8,2,2,32,"18,45"
BUDLEX FINANCE,BXF1226,GPW ASO,1,"101,9500",-,-,-,2024-12-19,-,"101,9500",-,1,5,"100,5000","103,1800",10,1,-,-,-
CAVATINA HOLDING,CA11225,GPW RR,1,"98,8900","99,6200",-,-,2024-12-20,-,"99,6300",-,1,5,"98,6000","99,9000",10,1,2,11,"10,96"
CAVATINA HOLDING,CAV0327,GPW RR,1,"96,1100","96,1600",-,-,2024-12-20,-,"97,8900",-,1,3,"96,7000","97,8800",6,1,2,33,"32,77"
CAVATINA HOLDING,CAV0526,GPW RR,1,"99,5500","99,0000",-,-,2024-12-20,-,"99,0000",-,1,8,"97,2800","99,5000",5,1,1,8,"8,02"
CAVATINA HOLDING,CAV0627,GPW RR,1,"97,1900","97,2000",-,-,2024-12-20,-,"97,2000",-,1,5,"96,8000","97,4000",10,1,4,13,"12,66"
CAVATINA HOLDING,CAV0925,GPW RR,1,"99,1000","98,0000",-,-,2024-12-20,-,"98,9500",-,1,10,"99,1500","99,4500",2,1,2,44,"44,73"
CAVATINA HOLDING,CAV0927,GPW ASO,1,"96,0000","96,1200",-,-,2024-12-20,-,"96,1200",-,1,5,"96,2100","98,7100",8,1,1,20,"19,93"
CAVATINA HOLDING,CAV0928,GPW RR,1,"98,1800",-,-,-,2024-12-18,-,"98,1800",-,1,96,"96,0100","97,8900",100,1,-,-,-
CAVATINA HOLDING,CAV1127,GPW ASO,1,"98,0000","98,2000",-,-,2024-12-20,-,"98,2000",-,1,22,"97,0100","98,9700",50,1,2,75,"7,48"
CAVATINA HOLDING,CAV1128,GPW RR,1,"97,0000","97,4700",-,-,2024-12-20,-,"97,9900",-,1,100,"97,0000","98,4400",62,1,19,1485,"146,43"
CAVATINA HOLDING,CAV1225,GPW RR,1,"98,4000","98,5000",-,-,2024-12-20,-,"99,9900",-,1,3,"99,5000","99,8500",5,1,7,39,"38,65"
CAVATINA HOLDING,CAV1226,GPW RR,1,"99,0000","99,0000",-,-,2024-12-20,-,"99,0000",-,1,10,"98,0000","98,9900",4,3,1,4,"3,99"
CAVATINA HOLDING,CAV1227,GPW RR,1,"98,2200","98,2200",-,-,2024-12-20,-,"98,6100",-,1,100,"98,0000","98,6100",90,1,7,226,"22,25"
CCC,"CCC0626
                                    

                                                                                                             /Z",BS ASO,1,"100,0000",-,-,-,-,-,-,-,-,-,-,-,-,-,-,-,-
CCC,"CCC0626
                                    

                                                                                                             /Z",BS ASO,1,"100,0000",-,-,-,-,-,-,-,-,-,-,-,-,-,-,-,-
CCC,"CCC0626
                                    

                                                                                                             /Z",GPW ASO,1,"100,2800",-,-,-,2024-12-13,-,"100,2800",-,-,-,-,-,-,-,-,-,-
CCC,"CCC0626
                                    

                                                                                                             /Z",GPW ASO,1,"100,2800",-,-,-,2024-12-13,-,"100,2800",-,-,-,-,-,-,-,-,-,-
COGNOR,CO10129,GPW ASO,1,"96,0000","96,0000",-,-,2024-12-20,-,"96,0000",-,1,4,"96,0000","97,5500",19,1,1,5,"5,03"
COGNOR,COG0129,GPW ASO,1,"96,0000","96,0000",-,-,2024-12-20,-,"96,0000",-,1,20,"95,2500","96,0000",40,1,6,47,"47,26"
CORDIA POLSKA FINANCE,CPF1227,GPW ASO,1,"100,9900","100,9900",-,-,2024-12-20,-,"100,9900",-,2,12,"100,5000","100,9900",28,1,3,14,"14,17"
CYFROWY POLSAT,"CPS0130
                                    

                                                                                                            
                                                                                                             /S",GPW ASO,1,"101,9900","101,9900",-,-,2024-12-20,-,"102,0000",-,1,1,"101,8100","102,0000",91,1,13,221,"235,24"
DANTEX GROUP,DAN0126,GPW ASO,1,"102,0000","101,5000",-,-,2024-12-20,-,"101,5000",-,1,3,"99,9200","102,0000",56,1,1,66,"68,22"
DEKPOL,"DEK0626
                                    

                                                                                                             /Z",GPW RR,1,"100,5000",-,-,-,2024-12-17,-,"100,5000",-,-,-,-,-,-,-,-,-,-
DEKPOL,DEK0628,GPW ASO,1,"101,7000","101,7000",-,-,2024-12-20,-,"101,7000",-,1,5,"100,5100","101,7000",4,1,1,2,"2,05"
DEKPOL,DEK1228,GPW ASO,1,"100,1000","100,2000",-,-,2024-12-20,-,"100,2000",-,2,22,"100,0200","100,2000",41,1,14,208,"209,51"
DEKPOL,DKP0225,GPW RR,1,"100,5000","100,2300",-,-,2024-12-20,-,"100,0100",-,1,1,"100,0100","100,4800",3,1,6,25,"25,36"
DEKPOL,"DKP0626
                                    

                                                                                                             /Z",GPW RR,1,"100,2400",-,-,-,2024-12-17,-,"100,2400",-,-,-,-,-,-,-,-,-,-
DEKPOL,"DKP0925
                                    

                                                                                                             /Z",GPW RR,1,"100,2000",-,-,-,2024-12-10,-,"100,2000",-,-,-,-,-,-,-,-,-,-
DINO POLSKA,DNP1025,GPW ASO,1,"100,4600",-,-,-,2024-12-11,-,"100,4600",-,2,4,"100,5100","104,9900",4,1,-,-,-
DOM DEVELOPMENT,DOM0526,GPW ASO,1,"101,0000",-,-,-,2024-11-25,-,"101,0000",-,-,-,-,"101,9400",25,1,-,-,-
DOM DEVELOPMENT,DOM0925,GPW ASO,1,"101,0000",-,-,-,2024-06-25,-,"101,0000",-,-,-,-,-,-,-,-,-,-
DOM DEVELOPMENT,DOM0928,GPW ASO,1,"100,0000",-,-,-,2024-12-02,-,"100,0000",-,-,-,-,-,-,-,-,-,-
DOMESTA,DST1126,GPW ASO,1,"103,8000",-,-,-,2024-12-19,-,"103,8000",-,1,3,"100,0200","103,7900",13,1,-,-,-
DEVELIA,DVL0326,GPW ASO,1,"107,0000",-,-,-,2024-12-17,-,"107,0000",-,1,10,"105,6000","107,0000",10,1,-,-,-
DEVELIA,DVL0528,GPW ASO,1,"100,0000",-,-,-,-,-,-,-,-,-,-,-,-,-,-,-,-
DEVELIA,DVL0726,GPW ASO,1,"102,9500",-,-,-,2024-08-08,-,"102,9500",-,1,3,"102,9500",-,-,-,-,-,-
DEVELIA,DVL1028,GPW ASO,1,"100,0100",-,-,-,2024-11-22,-,"100,0100",-,1,3,"100,0000","103,9900",6,2,-,-,-
DEVELIA,"DVL1225
                                    

                                                                                                             /Z",GPW RR,1,"101,9000",-,-,-,2024-12-09,-,"101,9000",-,-,-,-,-,-,-,-,-,-
DEVELIA,DVL1227,GPW ASO,1,"100,0000",-,-,-,-,-,-,-,-,-,-,-,-,-,-,-,-
DEVELOPRES,DVR0726,GPW ASO,1,"101,5000","101,7900",-,-,2024-12-20,-,"101,7900",-,1,4,"100,8200","101,7800",19,1,2,4,"4,16"
DEVELOPRES,DVR1226,GPW ASO,1,"100,1200",-,-,-,2024-12-04,-,"100,1200",-,1,4,"100,6600","104,0000",10,1,-,-,-
ECHO INVESTMENT,ECH0125,GPW RR,1,"100,1800","100,0000",-,-,2024-12-20,-,"100,0000",-,1,185,"100,0000","100,1600",35,1,2,65,"6,80"
ECHO INVESTMENT,ECH0128,GPW RR,1,"101,7200","101,7300",-,-,2024-12-20,-,"101,7300",-,1,31,"101,7200","101,7300",82,1,8,541,"57,21"
ECHO INVESTMENT,ECH0226,GPW RR,1,"101,6600",-,-,-,2024-12-19,-,"101,6600",-,1,250,"101,6600","102,3000",200,1,-,-,-
ECHO INVESTMENT,ECH0229,GPW ASO,1,"100,0000",-,-,-,-,-,-,-,-,-,-,-,-,-,-,-,-
ECHO INVESTMENT,ECH0426,GPW RR,1,"101,5000",-,-,-,2024-12-18,-,"101,5000",-,1,100,"101,2300","101,9900",19,1,-,-,-
ECHO INVESTMENT,ECH0428,GPW RR,1,"101,7100","101,7000",-,-,2024-12-20,-,"102,1900",-,1,600,"102,0000","102,3400",225,1,6,1325,"137,19"
ECHO INVESTMENT,ECH0528,GPW ASO,1,"102,2000",-,-,-,2024-09-23,-,"102,2000",-,1,3,"102,2000",-,-,-,-,-,-
ECHO INVESTMENT,ECH0529,GPW ASO,1,"100,0000",-,-,-,-,-,-,-,-,-,-,-,-,-,-,-,-
ECHO INVESTMENT,ECH0626,GPW RR,1,"101,8000","101,7500",-,-,2024-12-20,-,"101,9400",-,1,19,"101,5000","101,9400",100,1,2,183,"18,64"
ECHO INVESTMENT,ECH0627,GPW RR,1,"101,7400","101,7700",-,-,2024-12-20,-,"101,7600",-,1,100,"101,4000","101,7600",14,1,3,59,"6,00"
ECHO INVESTMENT,ECH0829,GPW ASO,1,"100,0000",-,-,-,-,-,-,-,-,-,-,-,-,-,-,-,-
ECHO INVESTMENT,ECH0926,GPW RR,1,"102,0000",-,-,-,2024-12-19,-,"102,0000",-,2,125,"101,3400","102,3300",100,1,-,-,-
ECHO INVESTMENT,ECH1127,GPW RR,1,"101,6900",-,-,-,2024-12-19,-,"101,6900",-,1,100,"101,1200","101,9500",100,1,-,-,-
ECHO INVESTMENT,ECH1227,GPW ASO,1,"99,0500",-,-,-,-,-,-,-,-,-,-,-,-,-,-,-,-
EUROPEJSKI BANK,EIB0925,GPW RR,1,"99,6900",-,-,-,-,-,-,-,-,-,-,-,-,-,-,-,-
ENEA,ENA0527,GPW ASO,1,"100,8500",-,-,-,2024-07-31,-,"100,8500",-,-,-,-,-,-,-,-,-,-
ENEA,ENA0530,GPW ASO,1,"102,5000",-,-,-,2024-10-31,-,"102,5000",-,1,2,"100,0000",-,-,-,-,-,-
ERBUD,ERB0925,GPW ASO,1,"100,3000",-,-,-,2024-12-19,-,"100,3000",-,1,15,"99,5000","100,3000",1,1,-,-,-
EUROCASH,EUR1225,GPW ASO,1,"100,0000",-,-,-,2024-12-19,-,"100,0000",-,1,10,"100,1000","100,3400",6,1,-,-,-
GHELAMCO INVEST,"GHE0128
                                    

                                                                                                            
                                                                                                             /S",GPW RR,1,"100,7900","100,6400",-,-,2024-12-20,-,"101,2000",-,1,88,"101,0000","101,2000",26,1,15,2172,"230,61"
GHELAMCO INVEST,"GHE0226
                                    

                                                                                                            
                                                                                                             /S",GPW ASO,1,"100,5000","100,5000",-,-,2024-12-20,-,"100,9600",-,1,20,"100,5100","100,9600",49,3,13,116,"122,00"
GHELAMCO INVEST,"GHE0327
                                    

                                                                                                            
                                                                                                             /S",GPW ASO,1,"100,5000","100,5000",-,-,2024-12-20,-,"101,0000",-,2,20,"101,0000","101,1000",20,1,6,66,"68,15"
GHELAMCO INVEST,"GHE0728
                                    

                                                                                                            
                                                                                                             /S",GPW ASO,1,"100,4000","100,4000",-,-,2024-12-20,-,"100,7900",-,1,13,"100,6000","100,7900",42,1,5,62,"65,45"
GHELAMCO INVEST,"GHE1027
                                    

                                                                                                            
                                                                                                             /S",GPW RR,1,"101,0000","101,3000",-,-,2024-12-20,-,"101,5000",-,3,1858,"101,0000","101,5000",628,2,5,601,"61,92"
GHELAMCO INVEST,"GHE1127
                                    

                                                                                                            
                                                                                                             /S",GPW ASO,1,"100,5000","100,9800",-,-,2024-12-20,-,"100,9800",-,1,20,"100,9000","101,9900",116,1,1,22,"22,48"
GHELAMCO INVEST,"GHE1128
                                    

                                                                                                            
                                                                                                             /S",GPW ASO,1,"100,7500","100,7400",-,-,2024-12-20,-,"100,6000",-,1,10,"100,5400","100,6500",125,1,14,414,"422,33"
GHELAMCO INVEST,GHI0725,GPW ASO,1,"100,8800","100,5000",-,-,2024-12-20,-,"100,5000",-,1,15,"100,3000","100,8800",90,1,1,10,"10,54"
GHELAMCO INVEST,GHI0925,GPW ASO,1,"100,9000","100,5900",-,-,2024-12-20,-,"100,8900",-,1,21,"100,3500","100,8900",6,1,2,24,"24,79"
HM INWEST,HMI0327,GPW ASO,1,"100,0400","100,2500",-,-,2024-12-20,-,"100,1300",-,2,60,"100,1400","101,5400",55,1,5,152,"15,74"
HM INWEST,HMI0627,GPW ASO,1,"101,5500","101,5200",-,-,2024-12-20,-,"101,5200",-,1,50,"101,5000","101,5000",50,1,3,100,"10,22"
I2 DEVELOPMENT,I2D0225,GPW ASO,1,"99,0000","99,0000",-,-,2024-12-20,-,"99,0000",-,1,5,"98,8000","99,0000",2,1,9,172,"171,40"
INTERNETOWY FUNDUSZ LEASINGOWY,IFL0334,GPW ASO,1,"100,2300",-,-,-,2024-12-13,-,"100,2300",-,1,10,"99,8000","100,2300",29,1,-,-,-
INFINITY,INF0326,GPW ASO,1,"102,3700",-,-,-,2024-12-13,-,"102,3700",-,1,7,"100,0200","102,3600",200,1,-,-,-
INFINITY,INY0225,GPW ASO,1,"100,9000",-,-,-,2024-12-04,-,"100,9000",-,-,-,-,-,-,-,-,-,-
INFINITY,INY0725,GPW ASO,1,"100,2200",-,-,-,2024-11-06,-,"100,2200",-,-,-,-,"105,0000",3,1,-,-,-
INPRO SA,INP1025,GPW ASO,1,"99,9900",-,-,-,2023-04-14,-,"99,9900",-,-,-,-,-,-,-,-,-,-
INDOS,"INS0126
                                    

                                                                                                             /Z",GPW ASO,1,"101,9800",-,-,-,2024-10-22,-,"101,9800",-,-,-,-,-,-,-,-,-,-
INDOS,INS0127,GPW ASO,1,"104,0000",-,-,-,2024-12-18,-,"104,0000",-,1,15,"101,0300","104,0000",5,1,-,-,-
INDOS,INS0228,GPW ASO,1,"101,5000",-,-,-,2024-12-09,-,"101,5000",-,1,28,"98,0000","101,9000",20,1,-,-,-
INDOS,INS0526,GPW ASO,1,"102,0000",-,-,-,2024-12-18,-,"102,0000",-,1,10,"100,9000","102,4000",10,1,-,-,-
INPOST SOCIÉTÉ ANONYME W LUKSE,IPT0627,GPW ASO,1,"100,0000",-,-,-,-,-,-,-,-,-,-,-,-,-,-,-,-
JHM DEVELOPMENT,JHM1225,GPW ASO,1,"102,0000",-,-,-,2024-02-09,-,"102,0000",-,-,-,-,-,-,-,-,-,-
KGHM POLSKA MIEDŹ SA,KGH0629,BS ASO,1,"100,0000",-,-,-,-,-,-,-,-,-,-,-,-,-,-,-,-
KGHM POLSKA MIEDŹ SA,KGH0629,BS ASO,1,"100,0000",-,-,-,-,-,-,-,-,-,-,-,-,-,-,-,-
KGHM POLSKA MIEDŹ SA,KGH0629,GPW ASO,1,"102,1500","102,6400",-,-,2024-12-20,-,"102,6400",-,1,3,"102,3000","102,9700",3,1,4,1104,"1 133,15"
KGHM POLSKA MIEDŹ SA,KGH0629,GPW ASO,1,"102,1500","102,6400",-,-,2024-12-20,-,"102,6400",-,1,3,"102,3000","102,9700",3,1,4,1104,"1 133,15"
KGHM POLSKA MIEDŹ SA,KGH0631,GPW ASO,1,"101,1600","101,1600",-,-,2024-12-20,-,"101,1600",-,1,10,"100,8000","101,1600",51,1,2,23,"23,27"
KREDYT INKASO,KIN1025,GPW RR,1,"100,6000","100,5000",-,-,2024-12-20,-,"100,5000",-,1,80,"100,5000","100,8000",30,1,2,50,"5,03"
KREDYT INKASO,KRI0228,GPW RR,1,"102,5000","103,4900",-,-,2024-12-20,-,"103,9700",-,2,31,"103,0000","103,9700",1,1,5,22,"23,16"
KREDYT INKASO,KRI0329,GPW ASO,1,"102,5900","101,8000",-,-,2024-12-20,-,"101,8000",-,1,3,"101,6000","102,4900",5,1,1,8,"6,27"
KREDYT INKASO,KRI0427,GPW RR,1,"102,6000",-,-,-,2024-12-12,-,"102,6000",-,1,20,"101,9000","102,9000",20,1,-,-,-
KREDYT INKASO,KRI0726,GPW RR,1,"101,0000",-,-,-,2024-12-18,-,"101,0000",-,1,500,"101,0000","101,4700",254,1,-,-,-
KREDYT INKASO,KRI0727,GPW RR,1,"102,6000","102,5000",-,-,2024-12-20,-,"103,0000",-,1,15,"102,4000","103,4000",10,1,3,7,"7,36"
KREDYT INKASO,KRI1025,GPW RR,1,"99,3000",-,-,-,2024-12-03,-,"99,3000",-,1,100,"98,2000","99,7000",100,1,-,-,-
KREDYT INKASO,KRI1027,GPW ASO,1,"102,0000",-,-,-,2024-12-11,-,"102,0000",-,1,20,"102,0000","103,4900",9,1,-,-,-
KREDYT INKASO,KRI1127,GPW RR,1,"102,9100","103,6000",-,-,2024-12-20,-,"103,6000",-,1,15,"103,0000","104,0000",15,1,1,7,"7,32"
KREDYT INKASO,KRI1128,GPW ASO,1,"101,1000",-,-,-,2024-12-19,-,"101,1000",-,1,20,"99,8000","101,0000",54,1,-,-,-
KRUK,KR10228,GPW RR,1,"103,6200","103,6100",-,-,2024-12-20,-,"103,0600",-,1,48,"103,0600","103,6000",106,3,5,124,"12,95"
KRUK,KR10627,GPW RR,1,"102,8500",-,-,-,2024-12-19,-,"102,8500",-,1,50,"101,5100","102,8500",54,1,-,-,-
KRUK,KR11029,GPW RR,1,"100,5000","100,5000",-,-,2024-12-20,-,"100,8000",-,1,1938,"100,8000","101,0000",99,1,5,340,"34,82"
KRUK,KR20229,GPW RR,1,"103,6300","103,6500",-,-,2024-12-20,-,"104,0000",-,1,100,"103,7100","104,0000",75,1,7,258,"27,01"
KRUK,KRU0129,GPW ASO,1,"100,0000",-,-,-,-,-,-,-,1,20,"100,0000",-,-,-,-,-,-
KRUK,KRU0226,GPW RR,1,"97,1800",-,-,-,2024-12-18,-,"97,1800",-,1,1,"96,3600","97,0000",17,1,-,-,-
KRUK,KRU0227,GPW RR,1,"104,3000",-,-,-,2024-12-18,-,"104,3000",-,1,100,"102,1000","104,2900",40,1,-,-,-
KRUK,KRU0228,GPW ASO,1,"102,0000",-,-,-,2024-10-08,-,"102,0000",-,-,-,-,-,-,-,-,-,-
KRUK,KRU0325,GPW ASO,1,"101,0000",-,-,-,2024-12-19,-,"101,0000",-,1,7,"101,0000","102,0000",10,1,-,-,-
KRUK,KRU0625,GPW ASO,1,"102,0000",-,-,-,2024-12-19,-,"102,0000",-,1,10,"101,5000","102,5000",20,1,-,-,-
KRUK,KRU0626,GPW RR,1,"95,1000",-,-,-,2024-12-19,-,"95,1000",-,1,100,"95,8600","96,2200",50,2,-,-,-
KRUK,KRU0627,GPW ASO,1,"102,5000","102,6000",-,-,2024-12-20,-,"102,7000",-,2,47,"102,6000","104,0000",50,1,3,37,"37,98"
KRUK,KRU0628,GPW RR,1,"103,3600","104,0000",-,-,2024-12-20,-,"104,0000",-,1,4970,"104,0000","104,4000",157,1,1,30,"3,13"
KRUK,KRU0726,GPW RR,1,"95,5100","95,5100",-,-,2024-12-20,-,"95,9900",-,1,100,"95,2100","95,9900",90,1,4,3271,"314,61"
KRUK,KRU0827,GPW RR,1,"102,5000",-,-,-,2024-12-18,-,"102,5000",-,1,79,"102,0100","103,2700",146,1,-,-,-
KRUK,KRU0828,GPW RR,1,"104,4000","103,3100",-,-,2024-12-20,-,"103,3200",-,1,95,"103,3500","104,5900",99,1,4,400,"41,87"
KRUK,KRU0925,GPW RR,1,"98,8700","98,5000",-,-,2024-12-20,-,"98,1200",-,1,43,"98,1200","98,8700",101,1,3,163,"16,02"
KRUK,KRU1028,GPW RR,1,"104,3500","104,4200",-,-,2024-12-20,-,"105,9400",-,1,3,"104,4200","105,8900",42,1,2,62,"6,71"
KRUK,KRU1029,GPW ASO,1,"107,4000",-,-,-,2024-12-06,-,"107,4000",-,1,2,"106,5000","109,4000",11,1,-,-,-
KRUK,KRU1127,GPW RR,1,"103,9400","103,9400",-,-,2024-12-20,-,"103,9400",-,1,21,"103,2400","103,9400",316,1,2,2010,"210,55"
KRUK,KRU1130,GPW RR,1,"100,5300","100,5000",-,-,2024-12-20,-,"100,4800",-,1,220,"100,4400","100,4800",88,1,10,512,"51,91"
KRUK,KRU1226,GPW RR,1,"103,5000",-,-,-,2024-12-19,-,"103,5000",-,1,7,"103,0000","104,4000",8,1,-,-,-
LOKUM DEWELOPER,LKD0627,GPW ASO,1,"100,0000",-,-,-,2024-06-18,-,"100,0000",-,-,-,-,"105,0000",5,1,-,-,-
MBANK,"MBK0125
                                    
 /P",BS ASO,1,"100,6000",-,-,-,2016-12-09,-,"100,6000",-,-,-,-,-,-,-,-,-,-
MBANK,"MBK0125
                                    
 /P",BS ASO,1,"100,6000",-,-,-,2016-12-09,-,"100,6000",-,-,-,-,-,-,-,-,-,-
MBANK,"MBK0125
                                    
 /P",GPW ASO,1,"99,9400","99,9400",-,-,2024-12-20,-,"99,9400",-,1,2,"99,9400","100,3000",1,1,1,1,"103,50"
MBANK,"MBK0125
                                    
 /P",GPW ASO,1,"99,9400","99,9400",-,-,2024-12-20,-,"99,9400",-,1,2,"99,9400","100,3000",1,1,1,1,"103,50"
MBANK,"MBK01PERP-K
                                    

                                                                                                            
                                                                                                                                                 /K",GPW ASO,1,"100,1000",-,-,-,2024-12-06,-,"100,1000",-,1,1,"100,1000","102,6000",1,1,-,-,-
MBANK,"MBK1028
                                    
 /P",BS ASO,1,"100,0000",-,-,-,-,-,-,-,-,-,-,-,-,-,-,-,-
MBANK,"MBK1028
                                    
 /P",BS ASO,1,"100,0000",-,-,-,-,-,-,-,-,-,-,-,-,-,-,-,-
MBANK,"MBK1028
                                    
 /P",GPW ASO,1,"102,0000",-,-,-,2024-12-19,-,"102,0000",-,1,5,"100,5000","102,0000",2,1,-,-,-
MBANK,"MBK1028
                                    
 /P",GPW ASO,1,"102,0000",-,-,-,2024-12-19,-,"102,0000",-,1,5,"100,5000","102,0000",2,1,-,-,-
MBANK,"MBK1030
                                    
 /P",BS ASO,1,"100,0000",-,-,-,-,-,-,-,-,-,-,-,-,-,-,-,-
MBANK,"MBK1030
                                    
 /P",BS ASO,1,"100,0000",-,-,-,-,-,-,-,-,-,-,-,-,-,-,-,-
MBANK,"MBK1030
                                    
 /P",GPW ASO,1,"102,0000",-,-,-,2024-09-23,-,"102,0000",-,1,1,"100,0000",-,-,-,-,-,-
MBANK,"MBK1030
                                    
 /P",GPW ASO,1,"102,0000",-,-,-,2024-09-23,-,"102,0000",-,1,1,"100,0000",-,-,-,-,-,-
MCI CAPITAL ASI,MCI0227,GPW RR,1,"100,6200","101,0000",-,-,2024-12-20,-,"101,4700",-,1,100,"101,1000","101,4700",127,1,7,494,"50,59"
MCI CAPITAL ASI,MCI1126,GPW RR,1,"102,5000",-,-,-,2024-12-19,-,"102,5000",-,1,300,"101,1000","102,5000",100,1,-,-,-
MCI MANAGEMENT SP. Z O.O,MCM0727,GPW ASO,1,"100,0000",-,-,-,-,-,-,-,-,-,-,-,-,-,-,-,-
MCI MANAGEMENT SP. Z O.O,MCM1127,GPW ASO,1,"101,5000","101,6000",-,-,2024-12-20,-,"101,5000",-,2,157,"101,5000","102,3100",89,1,12,811,"83,30"
BANK MILLENNIUM,"MIL0129
                                    
 /P",BS ASO,1,"100,0000",-,-,-,-,-,-,-,-,-,-,-,-,-,-,-,-
BANK MILLENNIUM,"MIL0129
                                    
 /P",BS ASO,1,"100,0000",-,-,-,-,-,-,-,-,-,-,-,-,-,-,-,-
BANK MILLENNIUM,"MIL0129
                                    
 /P",GPW ASO,1,"101,1000",-,-,-,2024-12-10,-,"101,1000",-,1,1,"99,5100","101,1500",9,1,-,-,-
BANK MILLENNIUM,"MIL0129
                                    
 /P",GPW ASO,1,"101,1000",-,-,-,2024-12-10,-,"101,1000",-,1,1,"99,5100","101,1500",9,1,-,-,-
BANK MILLENNIUM,"MIL1227
                                    
 /P",BS ASO,1,"97,5000",-,-,-,2020-10-21,-,"97,5000",-,-,-,-,-,-,-,-,-,-
BANK MILLENNIUM,"MIL1227
                                    
 /P",BS ASO,1,"97,5000",-,-,-,2020-10-21,-,"97,5000",-,-,-,-,-,-,-,-,-,-
BANK MILLENNIUM,"MIL1227
                                    
 /P",GPW ASO,1,"101,5000",-,-,-,2024-11-22,-,"101,5000",-,1,1,"101,5000",-,-,-,-,-,-
BANK MILLENNIUM,"MIL1227
                                    
 /P",GPW ASO,1,"101,5000",-,-,-,2024-11-22,-,"101,5000",-,1,1,"101,5000",-,-,-,-,-,-
MURAPOL,MUR0527,GPW ASO,1,"100,8000",-,-,-,2024-10-04,-,"100,8000",-,1,1,"100,8000",-,-,-,-,-,-
MARVIPOL DEVELOPMENT,MVP0227,GPW RR,1,"102,4400","102,3600",-,-,2024-12-20,-,"102,3600",-,1,7,"101,9000","102,3000",4,1,1,4,"4,27"
MARVIPOL DEVELOPMENT,MVP0326,GPW ASO,1,"102,0000",-,-,-,2024-12-17,-,"102,0000",-,1,5,"100,5100","102,0000",3,1,-,-,-
MARVIPOL DEVELOPMENT,MVP0526,GPW RR,1,"102,0000",-,-,-,2024-12-18,-,"102,0000",-,1,5,"101,5200","102,4000",5,1,-,-,-
MARVIPOL DEVELOPMENT,MVP0528,GPW RR,1,"101,6200","101,6100",-,-,2024-12-20,-,"101,5700",-,1,20,"101,0500","101,5700",7,1,5,53,"54,60"
MARVIPOL DEVELOPMENT,MVP0825,GPW RR,1,"100,6900",-,-,-,2024-12-19,-,"100,6900",-,1,4,"100,4000","100,7000",5,1,-,-,-
NDI FINANCE,NDI0327,GPW ASO,1,"100,4100",-,-,-,2024-12-16,-,"100,4100",-,1,3,"100,5200","103,2000",50,1,-,-,-
OLIVIA FIN,OBC0127,GPW ASO,1,"101,4900",-,-,-,2024-12-13,-,"101,4900",-,1,4,"100,0000","101,5000",20,1,-,-,-
OLIVIA FIN,OBC0226,GPW ASO,1,"103,5000",-,-,-,2024-12-19,-,"103,5000",-,2,5,"100,0000","103,0000",5,1,-,-,-
OLIVIA FIN,OBC0227,GPW ASO,1,"101,9800",-,-,-,2024-12-19,-,"101,9800",-,1,6,"101,0000","101,9700",10,1,-,-,-
OLIVIA FIN,OBC0426,GPW ASO,1,"100,5000","100,5000",-,-,2024-12-20,-,"100,5000",-,1,10,"100,1000","101,0000",10,1,1,5,"5,12"
OLIVIA FIN,OBC0526,GPW ASO,1,"100,5000",-,-,-,2024-12-19,-,"100,5000",-,1,5,"100,5000","101,4500",10,1,-,-,-
OLIVIA FIN,OBC1026,GPW ASO,1,"101,0000",-,-,-,2024-12-18,-,"101,0000",-,1,9,"100,7000","102,4900",16,2,-,-,-
OLIVIA FIN,OBC1028,GPW ASO,1,"100,0000",-,-,-,2024-12-19,-,"100,0000",-,1,69,"100,0000","100,7500",39,1,-,-,-
OLIVIA FIN,OBC1125,GPW ASO,1,"102,0000",-,-,-,2024-11-29,-,"102,0000",-,-,-,-,"102,0900",37,1,-,-,-
OLIVIA FIN,OBC1126,GPW ASO,1,"101,9500",-,-,-,2024-12-19,-,"101,9500",-,1,5,"101,3000","102,3700",12,1,-,-,-
OKAM CAPITAL,OKA0926,GPW ASO,1,"100,8700",-,-,-,2024-12-16,-,"100,8700",-,1,20,"100,8700","102,9800",50,1,-,-,-
OKAM CAPITAL,OKA1127,GPW ASO,1,"100,4900",-,-,-,2024-12-11,-,"100,4900",-,1,7,"100,0100","102,0000",10,1,-,-,-
OKAM INCITY,OKM0725,GPW ASO,1,"100,8000",-,-,-,2024-11-13,-,"100,8000",-,1,2,"100,8000",-,-,-,-,-,-
PEKABEX,PBX0625,GPW ASO,1,"99,0000",-,-,-,2024-06-27,-,"99,0000",-,1,4,"99,0000",-,-,-,-,-,-
PCC ROKITA,PCR0425,GPW RR,1,"99,1000",-,-,-,2024-12-19,-,"99,1000",-,1,100,"99,3000","99,8900",96,1,-,-,-
PCC ROKITA,PCR0426,GPW RR,1,"96,6600",-,-,-,2024-12-16,-,"96,6600",-,1,21,"96,6800","98,0000",77,2,-,-,-
PCC ROKITA,PCR0527,GPW RR,1,"98,9900",-,-,-,2024-12-17,-,"98,9900",-,1,100,"97,5500","98,9700",146,1,-,-,-
PCC ROKITA,PCR0629,GPW RR,1,"100,9900","100,9900",-,-,2024-12-20,-,"101,0000",-,1,32,"100,6100","101,0000",1,1,3,188,"19,08"
PCC ROKITA,PCR1026,GPW RR,1,"98,0000",-,-,-,2024-12-16,-,"98,0000",-,1,27,"98,1800","99,0000",103,1,-,-,-
PCC ROKITA,PCR1028,GPW RR,1,"102,5000",-,-,-,2024-12-19,-,"102,5000",-,1,30,"101,5100","103,7900",40,1,-,-,-
PCC ROKITA,PCR1228,GPW RR,1,"102,5000",-,-,-,2024-12-19,-,"102,5000",-,1,513,"101,0400","103,4900",25,1,-,-,-
PCC EXOL,PCX0925,GPW RR,1,"98,3600","98,4500",-,-,2024-12-20,-,"98,4500",-,1,24,"98,3500","98,5000",586,1,4,250,"24,62"
PCC EXOL,PCX0929,GPW RR,1,"100,4900","100,2700",-,-,2024-12-20,-,"100,3000",-,1,15,"100,2600","100,4900",10,1,3,160,"16,11"
PEKAO,PEO0127,GPW ASO,1,"100,0000",-,-,-,-,-,-,-,-,-,-,"100,1500",2,1,-,-,-
PEKAO,PEO0426,GPW ASO,1,"100,0000",-,-,-,-,-,-,-,-,-,-,-,-,-,-,-,-
PEKAO,PEO0429,GPW ASO,1,"100,5000",-,-,-,2024-07-01,-,"100,5000",-,-,-,-,"100,9900",4,1,-,-,-
PEKAO,"PEO0631
                                    
 /P",BS ASO,1,"100,0000",-,-,-,-,-,-,-,-,-,-,-,-,-,-,-,-
PEKAO,"PEO0631
                                    
 /P",BS ASO,1,"100,0000",-,-,-,-,-,-,-,-,-,-,-,-,-,-,-,-
PEKAO,"PEO0631
                                    
 /P",GPW ASO,1,"100,2000",-,-,-,2024-12-12,-,"100,2000",-,1,1,"99,7000","100,4000",6,1,-,-,-
PEKAO,"PEO0631
                                    
 /P",GPW ASO,1,"100,2000",-,-,-,2024-12-12,-,"100,2000",-,1,1,"99,7000","100,4000",6,1,-,-,-
PEKAO,PEO0727,GPW ASO,1,"100,1000",-,-,-,2023-10-09,-,"100,1000",-,-,-,-,-,-,-,-,-,-
PEKAO,"PEO1027
                                    
 /P",BS ASO,1,"100,6000",-,-,-,2018-03-12,-,"100,6000",-,-,-,-,-,-,-,-,-,-
PEKAO,"PEO1027
                                    
 /P",BS ASO,1,"100,6000",-,-,-,2018-03-12,-,"100,6000",-,-,-,-,-,-,-,-,-,-
PEKAO,"PEO1027
                                    
 /P",GPW ASO,1,"101,0000","101,2000",-,-,2024-12-20,-,"101,7900",-,1,4,"101,0100","101,7900",26,1,14,689,"705,45"
PEKAO,"PEO1027
                                    
 /P",GPW ASO,1,"101,0000","101,2000",-,-,2024-12-20,-,"101,7900",-,1,4,"101,0100","101,7900",26,1,14,689,"705,45"
PEKAO,"PEO1028
                                    
 /P",BS ASO,1,"100,0000",-,-,-,-,-,-,-,-,-,-,-,-,-,-,-,-
PEKAO,"PEO1028
                                    
 /P",BS ASO,1,"100,0000",-,-,-,-,-,-,-,-,-,-,-,-,-,-,-,-
PEKAO,"PEO1028
                                    
 /P",GPW ASO,1,"100,6500",-,-,-,2024-10-23,-,"100,6500",-,1,1,"100,0000","101,0000",10,1,-,-,-
PEKAO,"PEO1028
                                    
 /P",GPW ASO,1,"100,6500",-,-,-,2024-10-23,-,"100,6500",-,1,1,"100,0000","101,0000",10,1,-,-,-
PEKAO,"PEO1033
                                    
 /P",BS ASO,1,"100,0000",-,-,-,-,-,-,-,-,-,-,-,-,-,-,-,-
PEKAO,"PEO1033
                                    
 /P",BS ASO,1,"100,0000",-,-,-,-,-,-,-,-,-,-,-,-,-,-,-,-
PEKAO,"PEO1033
                                    
 /P",GPW ASO,1,"100,4500",-,-,-,2024-12-11,-,"100,4500",-,-,-,-,"100,4500",1,1,-,-,-
PEKAO,"PEO1033
                                    
 /P",GPW ASO,1,"100,4500",-,-,-,2024-12-11,-,"100,4500",-,-,-,-,"100,4500",1,1,-,-,-
PGE,PGE0526,BS ASO,1,"100,0000",-,-,-,-,-,-,-,-,-,-,-,-,-,-,-,-
PGE,PGE0526,BS ASO,1,"100,0000",-,-,-,-,-,-,-,-,-,-,-,-,-,-,-,-
PGE,PGE0526,GPW ASO,1,"101,7500",-,-,-,2024-12-19,-,"101,7500",-,1,2,"100,5300","101,7500",79,1,-,-,-
PGE,PGE0526,GPW ASO,1,"101,7500",-,-,-,2024-12-19,-,"101,7500",-,1,2,"100,5300","101,7500",79,1,-,-,-
PGE,PGE0529,BS ASO,1,"100,0000",-,-,-,-,-,-,-,-,-,-,-,-,-,-,-,-
PGE,PGE0529,BS ASO,1,"100,0000",-,-,-,-,-,-,-,-,-,-,-,-,-,-,-,-
PGE,PGE0529,GPW ASO,1,"101,3000",-,-,-,2024-12-19,-,"101,3000",-,1,40,"101,3500","101,7500",89,1,-,-,-
PGE,PGE0529,GPW ASO,1,"101,3000",-,-,-,2024-12-19,-,"101,3000",-,1,40,"101,3500","101,7500",89,1,-,-,-
POLSKA GRUPA FARMACEUTYCZNA,PGF1026,GPW ASO,1,"100,0000",-,-,-,-,-,-,-,1,3,"100,0000",-,-,-,-,-,-
POLSKI HOLDING NIERUCHOMOŚCI,PHN0327,GPW ASO,1,"102,8000",-,-,-,2024-12-19,-,"102,8000",-,1,2,"103,5000","104,0000",10,1,-,-,-
POLSKI HOLDING NIERUCHOMOŚCI,PHN0526,GPW ASO,1,"104,5000",-,-,-,2024-12-19,-,"104,5000",-,1,10,"103,0200","104,5000",45,1,-,-,-
ORLEN,"PKN1225
                                    

                                                                                                            
                                                                                                             /S",GPW ASO,1,"100,1000",-,-,-,2024-11-29,-,"100,1000",-,-,-,-,"115,0000",1,1,-,-,-
PKO BP,PKO0229,GPW ASO,1,"100,8500",-,-,-,2024-12-18,-,"100,8500",-,1,1,"96,0000","100,8500",3,1,-,-,-
PKO BP,"PKO0328
                                    
 /P",BS ASO,1,"100,0000",-,-,-,-,-,-,-,-,-,-,-,-,-,-,-,-
PKO BP,"PKO0328
                                    
 /P",BS ASO,1,"100,0000",-,-,-,-,-,-,-,-,-,-,-,-,-,-,-,-
PKO BP,"PKO0328
                                    
 /P",GPW ASO,1,"101,7000",-,-,-,2024-12-11,-,"101,7000",-,1,5,"100,0000","101,4900",8,1,-,-,-
PKO BP,"PKO0328
                                    
 /P",GPW ASO,1,"101,7000",-,-,-,2024-12-11,-,"101,7000",-,1,5,"100,0000","101,4900",8,1,-,-,-
PKO BP,"PKO0827
                                    
 /P",BS ASO,1,"101,2500",-,-,-,2018-10-09,-,"101,2500",-,-,-,-,-,-,-,-,-,-
PKO BP,"PKO0827
                                    
 /P",BS ASO,1,"101,2500",-,-,-,2018-10-09,-,"101,2500",-,-,-,-,-,-,-,-,-,-
PKO BP,"PKO0827
                                    
 /P",GPW ASO,1,"100,9800","100,9900",-,-,2024-12-20,-,"101,0900",-,1,10,"100,9300","101,0900",10,1,4,12,"1 242,46"
PKO BP,"PKO0827
                                    
 /P",GPW ASO,1,"100,9800","100,9900",-,-,2024-12-20,-,"101,0900",-,1,10,"100,9300","101,0900",10,1,4,12,"1 242,46"
PKO BP,"PKO1034-K
                                    

                                                                                                            
                                                                                                                                                 /K",GPW ASO,1,"100,0000",-,-,-,-,-,-,-,1,1,"96,0000","104,0000",1,1,-,-,-
P4 SP. Z O.O.,PLY1226,GPW ASO,1,"100,6000",-,-,-,2024-12-02,-,"100,6000",-,1,1,"99,5000","100,6000",10,1,-,-,-
P4 SP. Z O.O.,PLY1227,GPW ASO,1,"100,3900",-,-,-,2024-12-19,-,"100,3900",-,1,3,"100,0100","100,3900",50,1,-,-,-
PRAGMAGO,PRF0127,GPW RR,1,"101,9900","102,1600",-,-,2024-12-20,-,"102,1600",-,1,400,"100,7100","102,2200",100,1,4,400,"41,63"
PRAGMAGO,PRF0326,GPW ASO,1,"101,8800",-,-,-,2024-12-16,-,"101,8800",-,1,100,"100,4000","101,8900",63,1,-,-,-
PRAGMAGO,PRF0327,GPW RR,1,"100,5500",-,-,-,2024-12-19,-,"100,5500",-,2,106,"100,5500","101,9900",81,1,-,-,-
PRAGMAGO,PRF0525,GPW RR,1,"100,5000","100,9900",-,-,2024-12-20,-,"100,9900",-,1,50,"100,0000","100,9900",40,1,1,12,"1,23"
PRAGMAGO,PRF0626,GPW ASO,1,"101,3900",-,-,-,2024-12-17,-,"101,3900",-,1,250,"101,0000","101,3700",28,1,-,-,-
PRAGMAGO,PRF0627,GPW RR,1,"101,6500","101,6500",-,-,2024-12-20,-,"101,7000",-,2,171,"101,5500","101,7000",889,2,8,333,"33,86"
PRAGMAGO,PRF0727,GPW RR,1,"101,4700","101,4700",-,-,2024-12-20,-,"100,5800",-,1,100,"100,7500","101,5500",100,1,9,424,"43,71"
PRAGMAGO,PRF0927,GPW RR,1,"100,0000","100,2900",-,-,2024-12-20,-,"100,3000",-,1,100,"100,2800","100,3000",116,2,9,272,"27,44"
PRAGMAGO,PRF1025,GPW RR,1,"100,5000",-,-,-,2024-12-18,-,"100,5000",-,1,6,"100,5000","100,9900",39,1,-,-,-
PRAGMAGO,PRF1026,GPW RR,1,"100,9900",-,-,-,2024-12-11,-,"100,9900",-,1,200,"100,4000","100,9900",28,1,-,-,-
PRAGMAGO,PRF1126,GPW RR,1,"102,7000",-,-,-,2024-12-19,-,"102,7000",-,1,70,"102,1000","102,7000",262,2,-,-,-
PRAGMAGO,PRF1225,GPW ASO,1,"100,5000",-,-,-,2024-12-17,-,"100,5000",-,1,100,"100,5000","102,0000",100,1,-,-,-
PZU,"PZU0727
                                    
 /P",BS ASO,1,"100,0000",-,-,-,2023-03-08,-,"100,0000",-,-,-,-,-,-,-,-,-,-
PZU,"PZU0727
                                    
 /P",BS ASO,1,"100,0000",-,-,-,2023-03-08,-,"100,0000",-,-,-,-,-,-,-,-,-,-
PZU,"PZU0727
                                    
 /P",GPW ASO,1,"101,9900","101,9900",-,-,2024-12-20,-,"101,9900",-,1,18,"101,6400","101,9900",6,1,4,16,"1 682,61"
PZU,"PZU0727
                                    
 /P",GPW ASO,1,"101,9900","101,9900",-,-,2024-12-20,-,"101,9900",-,1,18,"101,6400","101,9900",6,1,4,16,"1 682,61"
ROBYG,ROB0626,GPW ASO,1,"102,0000",-,-,-,2024-12-18,-,"102,0000",-,1,3,"100,5000","102,0000",38,1,-,-,-
ROBYG,"ROB1225
                                    

                                                                                                             /Z",GPW ASO,1,"100,7000",-,-,-,2024-12-03,-,"100,7000",-,-,-,-,-,-,-,-,-,-
RONSON,RON0726,GPW ASO,1,"101,9000",-,-,-,2024-12-16,-,"101,9000",-,1,10,"101,0000","102,0000",50,1,-,-,-
RONSON,RON0827,GPW ASO,1,"100,3400",-,-,-,2024-12-19,-,"100,3400",-,1,3,"100,0100","101,7900",10,1,-,-,-
RONSON,RON0928,GPW ASO,1,"99,9800","99,9300",-,-,2024-12-20,-,"99,9800",-,1,13,"99,0000","99,9800",3,1,7,109,"111,53"
R.POWER S.A.,"RPW1029
                                    

                                                                                                            
                                                                                                             /S",GPW ASO,1,"100,0000",-,-,-,-,-,-,-,1,10,"100,0000",-,-,-,-,-,-
SANTANDER BANK POLSKA,SPL0427,GPW ASO,1,"101,2400",-,-,-,2024-11-27,-,"101,2400",-,1,2,"100,0000","100,9800",1,1,-,-,-
SANTANDER BANK POLSKA,"SPL0428
                                    
 /P",BS ASO,1,"100,0000",-,-,-,-,-,-,-,-,-,-,-,-,-,-,-,-
SANTANDER BANK POLSKA,"SPL0428
                                    
 /P",BS ASO,1,"100,0000",-,-,-,-,-,-,-,-,-,-,-,-,-,-,-,-
SANTANDER BANK POLSKA,"SPL0428
                                    
 /P",GPW ASO,1,"100,0000",-,-,-,2024-11-25,-,"100,0000",-,1,2,"100,0100","101,4900",1,1,-,-,-
SANTANDER BANK POLSKA,"SPL0428
                                    
 /P",GPW ASO,1,"100,0000",-,-,-,2024-11-25,-,"100,0000",-,1,2,"100,0100","101,4900",1,1,-,-,-
SANTANDER BANK POLSKA,SPL0927,GPW ASO,1,"100,2500",-,-,-,2024-12-18,-,"100,2500",-,1,1,"100,0000","100,2400",1,1,-,-,-
SANTANDER BANK POLSKA,SPL1126,GPW ASO,1,"101,2500",-,-,-,2024-08-01,-,"101,2500",-,1,2,"100,0000",-,-,-,-,-,-
INVEST TDJ ESTATE,TDJ1226,GPW ASO,1,"103,5000",-,-,-,2024-12-16,-,"103,5000",-,1,1,"102,0000","103,5000",39,1,-,-,-
TAURON POLSKA ENERGIA,"TPE1025
                                    

                                                                                                            
                                                                                                             /S",GPW ASO,1,"101,0000","100,9900",-,-,2024-12-20,-,"100,9900",-,1,10,"100,3000","100,9900",5,1,1,13,"13,28"
UNIDEVELOPMENT,UDV0426,GPW ASO,1,"100,9000",-,-,-,2024-12-12,-,"100,9000",-,1,1,"100,9000","101,8000",61,1,-,-,-
UNIDEVELOPMENT,UDV0726,GPW ASO,1,"101,0000",-,-,-,2024-08-20,-,"101,0000",-,1,2,"100,5000",-,-,-,-,-,-
UNIBEP SA,UNI1026,GPW ASO,1,"99,6000","99,5500",-,-,2024-12-20,-,"99,6000",-,-,-,-,"99,6000",476,1,4,409,"41,51"
VEHIS FINANSE,VHI0526,GPW ASO,1,"102,9800",-,-,-,2024-12-19,-,"102,9800",-,1,10,"102,0000","102,9800",12,1,-,-,-
VEHIS FINANSE,VHI0626,GPW ASO,1,"102,5500","102,5500",-,-,2024-12-20,-,"102,5500",-,1,12,"101,6000","102,5500",12,1,1,10,"10,26"
VICTORIA DOM SPÓŁKA AKCYJNA,VI10825,GPW ASO,1,"100,9900","101,0000",-,-,2024-12-20,-,"101,0000",-,1,4,"100,5000","101,4000",46,1,1,3,"3,05"
VICTORIA DOM SPÓŁKA AKCYJNA,VID0326,GPW ASO,1,"102,6000",-,-,-,2024-12-19,-,"102,6000",-,1,3,"102,7000","103,0900",16,3,-,-,-
VICTORIA DOM SPÓŁKA AKCYJNA,VID0427,GPW ASO,1,"101,1000","101,5000",-,-,2024-12-20,-,"101,5000",-,2,25,"101,5000","102,2900",19,2,1,5,"5,21"
VICTORIA DOM SPÓŁKA AKCYJNA,VID0626,GPW ASO,1,"102,9500",-,-,-,2024-12-19,-,"102,9500",-,1,4,"100,1000","103,3700",10,1,-,-,-
VICTORIA DOM SPÓŁKA AKCYJNA,VID0827,GPW ASO,1,"101,0000",-,-,-,2024-12-19,-,"101,0000",-,1,2,"100,5600","101,3300",5,1,-,-,-
VICTORIA DOM SPÓŁKA AKCYJNA,VID0926,GPW ASO,1,"103,5700",-,-,-,2024-12-19,-,"103,5700",-,1,8,"100,6100","103,5700",27,1,-,-,-
VICTORIA DOM SPÓŁKA AKCYJNA,VID1226,GPW ASO,1,"101,0000",-,-,-,2024-12-19,-,"101,0000",-,1,3,"101,1700","102,7200",12,1,-,-,-
VICTORIA DOM SPÓŁKA AKCYJNA,VID1227,GPW ASO,1,"100,5000","100,5000",-,-,2024-12-20,-,"101,6800",-,2,11,"100,5000","101,6800",1,1,9,65,"65,74"
VINDEXUS,VIN0127,GPW ASO,1,"103,4900","103,9800",-,-,2024-12-20,-,"103,9800",-,2,130,"102,9300","103,9400",322,2,2,136,"14,45"
VINDEXUS,VIN0327,GPW ASO,1,"102,5800","102,5800",-,-,2024-12-20,-,"102,5800",-,1,150,"101,5800","102,5900",72,1,1,70,"7,18"
VINDEXUS,VIN0727,GPW ASO,1,"101,5000",-,-,-,2024-12-10,-,"101,5000",-,3,184,"101,5000","103,0000",8,1,-,-,-
VOXEL,VOX0625,GPW ASO,1,"101,0000",-,-,-,2024-12-19,-,"101,0000",-,1,3,"100,1100","103,9900",35,2,-,-,-
WB ELECTRONICS,WBE1126,GPW ASO,1,"100,0000",-,-,-,-,-,-,-,-,-,-,-,-,-,-,-,-
WHITE STONE DEVELOPMENT,WSD0427,GPW ASO,1,"101,0000",-,-,-,2024-12-18,-,"101,0000",-,2,9,"100,6000","103,5000",11,1,-,-,-
WHITE STONE DEVELOPMENT,WSD0627,GPW ASO,1,"101,0000",-,-,-,2024-12-13,-,"101,0000",-,1,20,"100,5000","103,3000",19,1,-,-,-
