emitent,nazwa,segment,jednostka transakcyjna,kurs odniesienia**,kurs otwarcia**,kurs min,kurs max,data/czas ost. trans.,wolumen ost. trans.,kurs ostatni*,zmiana,najlepsza oferta kupna liczba zleceń,najlepsza oferta kupna wolumen,najlepsza oferta kupna limit,najlepsza oferta sprzedaży limit,najlepsza oferta sprzedaży wolumen,najlepsza oferta sprzedaży liczba zleceń,limit transakcji,obrót skumulowany wolumen,obrót skumulowany wartość (tys. PLN),Bond Name,Nominal Value,Maturity Date,Days to Maturity,Days to Next Payment,Interest Type,Nominal Margin,Current Period Interest
AB,ABE0726,GPW ASO,1,"100,0000",-,-,-,-,-,-,-,-,-,-,-,-,-,-,-,-,ABE0726,"10,000.00",2026-07-14,568.0,23,CB-FC-PPzmienne (WIBOR6M + marża),2.50%,8.37%
ARCHE,ACH0427,GPW ASO,1,"103,0000","103,0000",-,-,2024-12-20,-,"103,0000",-,-,-,-,"105,0000",7,1,1,14,"14,76",ACH0427,"1,000.00",2027-04-02,830.0,11,CB-FC-PPzmienne (WIBOR3M + marża),4.40%,10.25%
ARCHE,ACH0725,GPW ASO,1,"102,6500",-,-,-,2024-11-28,-,"102,6500",-,1,8,"100,0200","103,9000",6,1,-,-,-,ACH0725,"1,000.00",2025-07-22,211.0,31,CB-FC-PPzmienne (WIBOR3M + marża),4.70%,10.56%
ARCHE,ACH0826,GPW ASO,1,"104,0000",-,-,-,2024-12-09,-,"104,0000",-,1,8,"102,0000",-,-,-,-,-,-,ACH0826,"1,000.00",2026-08-18,603.0,58,CB-FC-PPzmienne (WIBOR3M + marża),4.20%,10.05%
ARCHE,ACH1125,GPW ASO,1,"101,0000",-,-,-,2024-12-18,-,"101,0000",-,1,1,"100,5900","103,9800",11,1,-,-,-,ACH1125,"1,000.00",2025-11-03,315.0,43,CB-FC-PPzmienne (WIBOR3M + marża),4.70%,10.56%
ALIOR BANK,ALR0428,GPW ASO,1,"100,0000",-,-,-,-,-,-,-,-,-,-,-,-,-,-,-,-,ALR0428,"500,000.00",2028-04-14,1208.0,113,CB-FC-PPzmienne (WIBOR6M + marża),2.07%,7.90%
ALIOR BANK,ALR0626,GPW RR,1,"101,5000",-,-,-,2024-11-22,-,"101,5000",-,-,-,-,-,-,-,-,-,-,ALR0626,"1,000.00",2026-06-26,550.0,4,CB-FC-POzmienne (WIBOR6M + marża),3.10%,8.96%
ALIOR BANK,ALR0627,GPW ASO,1,"101,9000",-,-,-,2024-11-28,-,"101,9000",-,-,-,-,"101,9000",5,1,-,-,-,ALR0627,"500,000.00",2027-06-15,904.0,175,CB-FC-PPzmienne (WIBOR6M + marża),2.81%,8.59%
ALIOR BANK,ALR0628,GPW ASO,1,"100,0000",-,-,-,-,-,-,-,-,-,-,-,-,-,-,-,-,ALR0628,"500,000.00",2028-06-09,1264.0,169,CB-FC-PPzmienne (WIBOR6M + marża),1.99%,7.77%
ALIOR BANK,"ALR1225
                                    

                                                                                                             /Z
                                                                          /P",GPW RR,1,"101,8000",-,-,-,2024-10-23,-,"101,8000",-,-,-,-,-,-,-,-,-,-,,,,,,,,
ANWIM,"ANW1126
                                    

                                                                                                            
                                                                                                             /S",GPW ASO,1,"103,6000",-,-,-,2024-10-24,-,"103,6000",-,1,158,"101,0000",-,-,-,-,-,-,,,,,,,,
AOW FAKTORING,AOW0125,GPW ASO,1,"99,2000","99,2000",-,-,2024-12-20,-,"99,2000",-,-,-,-,"100,8000",33,1,1,20,"1,01",AOW0125,50.00,2025-01-25,33.0,34,CB-FC-PPzmienne (WIBOR3M + marża),5.10%,10.95%
AOW FAKTORING,AOW0227,GPW ASO,1,"101,2000",-,-,-,2024-12-06,-,"101,2000",-,1,8,"101,2000",-,-,-,-,-,-,AOW0227,"1,000.00",2027-02-22,791.0,31,CB-FC-PPzmienne (WIBOR3M + marża),5.50%,11.36%
AOW FAKTORING,AOW1027,GPW ASO,1,"101,4900",-,-,-,2024-12-17,-,"101,4900",-,1,3,"101,2000",-,-,-,-,-,-,AOW1027,"1,000.00",2027-10-23,1034.0,32,CB-FC-PPzmienne (WIBOR3M + marża),5.00%,10.85%
AOW FAKTORING,AOW1225,GPW ASO,1,"103,0000",-,-,-,2024-12-19,-,"103,0000",-,1,5,"102,5000","104,0000",10,1,-,-,-,AOW1225,"1,000.00",2025-12-14,356.0,82,CB-FC-PPzmienne (WIBOR3M + marża),6.00%,11.86%
ARCHICOM,ARH0227,GPW ASO,1,"101,6200",-,-,-,2024-06-26,-,"101,6200",-,-,-,-,-,-,-,-,-,-,ARH0227,"1,000.00",2027-02-08,777.0,47,CB-FC-PPzmienne (WIBOR3M + marża),3.40%,9.22%
ARCHICOM,ARH0325,GPW ASO,1,"101,0000",-,-,-,2024-10-23,-,"101,0000",-,1,10,"100,1000",-,-,-,-,-,-,ARH0325,"1,000.00",2025-03-17,84.0,85,CB-FC-PPzmienne (WIBOR3M + marża),3.50%,9.35%
ARCHICOM,ARH0627,GPW ASO,1,"100,0000",-,-,-,-,-,-,-,-,-,-,-,-,-,-,-,-,ARH0627,"1,000.00",2027-06-01,890.0,71,CB-FC-PPzmienne (WIBOR3M + marża),3.25%,9.10%
ARCHICOM,ARH0628,GPW ASO,1,"100,0000",-,-,-,-,-,-,-,-,-,-,-,-,-,-,-,-,ARH0628,"1,000.00",2028-06-19,1274.0,87,CB-FC-PPzmienne (WIBOR3M + marża),3.10%,8.95%
ART.LOCUM,ARL1226,GPW ASO,1,"102,0000",-,-,-,2024-12-19,-,"102,0000",-,-,-,-,-,-,-,-,-,-,ARL1226,"1,000.00",2026-12-11,718.0,79,CB-FC-PPzmienne (WIBOR3M + marża),4.80%,10.65%
ATAL,ATL0525,GPW ASO,1,"99,0000",-,-,-,2024-06-26,-,"99,0000",-,1,4,"101,0000",-,-,-,-,-,-,ATL0525,"1,000.00",2025-05-15,143.0,144,CB-FC-PPzmienne (WIBOR6M + marża),2.00%,7.84%
ATAL,ATL1025,GPW ASO,1,"100,0000",-,-,-,-,-,-,-,-,-,-,-,-,-,-,-,-,ATL1025,"1,000.00",2025-10-27,308.0,127,CB-FC-PPzmienne (WIBOR6M + marża),1.50%,7.35%
BBI DEVELOPMENT,BBI0225,GPW ASO,1,"97,7400","96,0000",-,-,2024-12-20,-,"99,4900",-,1,15,"93,8000","99,5000",9,2,6,84,"83,75",BBI0225,"1,000.00",2025-02-24,63.0,64,CB-FC-PPzmienne (WIBOR6M + marża),7.75%,13.60%
BANK POCZTOWY,"BPO0626
                                    
 /P",GPW ASO,1,"102,5000","102,5000",-,-,2024-12-20,-,"102,5000",-,1,53,"102,5000","102,5000",150,1,1,50,"5,15",,,,,,,,
BEST,BS10228,GPW ASO,1,"99,7000",-,-,-,-,-,-,-,-,-,-,-,-,-,-,-,-,BS10228,100.00,2028-02-15,1149.0,55,CB-FC-PPzmienne (WIBOR3M + marża),4.90%,10.74%
BEST,BS10327,GPW RR,1,"102,0000","103,0000",-,-,2024-12-20,-,"101,5000",-,1,50,"100,7000","103,0000",105,2,3,208,"21,20",BS10327,100.00,2027-03-14,811.0,82,CB-FC-POzmienne (WIBOR3M + marża),4.50%,10.37%
BEST,BS10829,GPW RR,1,"100,9200","101,0000",-,-,2024-12-20,-,"101,2700",-,1,11,"101,0000","101,2700",46,1,4,254,"25,91",BS10829,100.00,2029-08-22,1703.0,62,CB-FC-POzmienne (WIBOR3M + marża),4.20%,10.05%
BEST,BST0128,GPW RR,1,"102,2000",-,-,-,2024-12-19,-,"102,2000",-,1,60,"102,3000","102,9600",52,1,-,-,-,BST0128,100.00,2028-01-25,1128.0,34,CB-FC-POzmienne (WIBOR3M + marża),5.00%,10.85%
BEST,BST0226,GPW ASO,1,"99,6300",-,-,-,-,-,-,-,-,-,-,-,-,-,-,-,-,BST0226,100.00,2026-02-17,421.0,57,CB-FC-POzmienne (WIBOR3M + marża),3.85%,9.68%
BEST,BST0228,GPW RR,1,"102,9200","102,8700",-,-,2024-12-20,-,"102,8800",-,1,100,"102,5000","102,8800",27,2,4,41,"4,26",BST0228,100.00,2028-02-25,1159.0,65,CB-FC-POzmienne (WIBOR3M + marża),5.00%,10.85%
BEST,BST0327,GPW RR,1,"102,5000","102,8900",-,-,2024-12-20,-,"102,9000",-,1,21,"101,7000","102,8900",37,1,2,100,"10,34",BST0327,100.00,2027-03-07,804.0,75,CB-FC-POzmienne (WIBOR3M + marża),4.00%,9.85%
BEST,BST0527,GPW ASO,1,"102,6500","102,5000",-,-,2024-12-20,-,"102,5000",-,1,15,"100,0000","102,6500",44,1,1,3,"3,12",BST0527,"1,000.00",2027-05-08,866.0,48,CB-FC-PPzmienne (WIBOR3M + marża),4.70%,10.52%
BEST,BST0726,GPW RR,1,"95,4700",-,-,-,2024-12-19,-,"95,4700",-,1,115,"95,0000","95,4000",84,1,-,-,-,BST0726,100.00,2026-07-23,577.0,32,CB-XC-POstałe,4.40%,
BEST,BST0728,GPW RR,1,"102,9900","102,9900",-,-,2024-12-20,-,"102,9900",-,1,45,"102,4000","102,9900",162,1,1,18,"1,89",BST0728,100.00,2028-07-18,1303.0,27,CB-FC-PPzmienne (WIBOR3M + marża),5.00%,10.85%
BEST,BST0829,GPW RR,1,"101,9800","101,9900",-,-,2024-12-20,-,"102,0000",-,1,55,"101,5200","102,0000",1,1,4,330,"34,09",BST0829,100.00,2029-08-07,1688.0,47,CB-FC-POzmienne (WIBOR3M + marża),4.50%,10.35%
BEST,BST1026,GPW RR,1,"103,0000","101,6100",-,-,2024-12-20,-,"101,5000",-,2,139,"101,5000","102,9600",37,1,6,464,"48,12",BST1026,100.00,2026-10-08,654.0,17,CB-FC-PPzmienne (WIBOR3M + marża),4.20%,10.05%
BEST,BST1029,GPW RR,1,"99,5000","99,5900",-,-,2024-12-20,-,"99,8500",-,3,42,"99,7800","99,8500",150,1,25,824,"83,42",BST1029,100.00,2029-10-30,1772.0,39,CB-FC-POzmienne (WIBOR3M + marża),3.80%,9.65%
BEST,BST1126,GPW ASO,1,"101,2000",-,-,-,2024-12-11,-,"101,2000",-,1,21,"101,2000",-,-,-,-,-,-,BST1126,"1,000.00",2026-11-21,698.0,61,CB-FC-PPzmienne (WIBOR3M + marża),5.00%,10.85%
BEST,BST1226,GPW RR,1,"101,1000","102,0000",-,-,2024-12-20,-,"102,4900",-,1,100,"101,1100","102,4800",80,1,11,1691,"171,45",BST1226,100.00,2026-12-20,727.0,88,CB-FC-POzmienne (WIBOR3M + marża),4.50%,10.35%
BUDLEX FINANCE,BXF0727,GPW ASO,1,"102,5000",-,-,-,2024-12-17,-,"102,5000",-,1,5,"100,0000","102,3900",3,1,-,-,-,BXF0727,"1,000.00",2027-12-18,1090.0,21,CB-FC-PPzmienne (WIBOR3M + marża),6.00%,11.85%
BUDLEX FINANCE,BXF1027,GPW ASO,1,"100,9500",-,-,-,2024-12-19,-,"100,9500",-,1,4,"100,0600","101,6300",51,1,-,-,-,BXF1027,"1,000.00",2027-12-18,1090.0,17,CB-FC-PPzmienne (WIBOR3M + marża),5.75%,11.61%
BUDLEX FINANCE,BXF1126,GPW ASO,1,"101,0000","102,0000",-,-,2024-12-20,-,"102,0000",-,1,1,"102,0000","103,9800",8,2,2,32,"18,45",BXF1126,"1,000.00",2026-11-06,683.0,46,CB-FC-PPzmienne (WIBOR3M + marża),6.50%,12.35%
BUDLEX FINANCE,BXF1226,GPW ASO,1,"101,9500",-,-,-,2024-12-19,-,"101,9500",-,1,5,"100,5000","103,1800",10,1,-,-,-,BXF1226,"1,000.00",2026-12-04,711.0,72,CB-FC-PPzmienne (WIBOR3M + marża),6.50%,12.35%
CAVATINA HOLDING,CA11225,GPW RR,1,"98,8900","99,6200",-,-,2024-12-20,-,"99,6300",-,1,5,"98,6000","99,9000",10,1,2,11,"10,96",CA11225,"1,000.00",2025-12-30,372.0,8,CB-FC-POzmienne (WIBOR6M + marża),6.00%,11.86%
CAVATINA HOLDING,CAV0327,GPW RR,1,"96,1100","96,1600",-,-,2024-12-20,-,"97,8900",-,1,3,"96,7000","97,8800",6,1,2,33,"32,77",CAV0327,"1,000.00",2027-03-26,823.0,94,CB-FC-POzmienne (WIBOR6M + marża),6.00%,11.85%
CAVATINA HOLDING,CAV0526,GPW RR,1,"99,5500","99,0000",-,-,2024-12-20,-,"99,0000",-,1,8,"97,2800","99,5000",5,1,1,8,"8,02",CAV0526,"1,000.00",2026-05-17,510.0,146,CB-FC-PPzmienne (WIBOR6M + marża),6.00%,11.84%
CAVATINA HOLDING,CAV0627,GPW RR,1,"97,1900","97,2000",-,-,2024-12-20,-,"97,2000",-,1,5,"96,8000","97,4000",10,1,4,13,"12,66",CAV0627,"1,000.00",2027-06-22,911.0,182,CB-FC-POzmienne (WIBOR6M + marża),6.00%,11.78%
CAVATINA HOLDING,CAV0925,GPW RR,1,"99,1000","98,0000",-,-,2024-12-20,-,"98,9500",-,1,10,"99,1500","99,4500",2,1,2,44,"44,73",CAV0925,"1,000.00",2025-09-08,259.0,76,CB-FC-POzmienne (WIBOR6M + marża),6.00%,11.85%
CAVATINA HOLDING,CAV0927,GPW ASO,1,"96,0000","96,1200",-,-,2024-12-20,-,"96,1200",-,1,5,"96,2100","98,7100",8,1,1,20,"19,93",CAV0927,"1,000.00",2027-09-11,992.0,79,CB-FC-PPzmienne (WIBOR6M + marża),6.00%,11.85%
CAVATINA HOLDING,CAV0928,GPW RR,1,"98,1800",-,-,-,2024-12-18,-,"98,1800",-,1,96,"96,0100","97,8900",100,1,-,-,-,CAV0928,100.00,2028-09-12,1359.0,80,CB-FC-POzmienne (WIBOR6M + marża),6.00%,11.85%
CAVATINA HOLDING,CAV1127,GPW ASO,1,"98,0000","98,2000",-,-,2024-12-20,-,"98,2000",-,1,22,"97,0100","98,9700",50,1,2,75,"7,48",CAV1127,100.00,2027-11-09,1051.0,138,CB-FC-PPzmienne (WIBOR6M + marża),6.00%,11.84%
CAVATINA HOLDING,CAV1128,GPW RR,1,"97,0000","97,4700",-,-,2024-12-20,-,"97,9900",-,1,100,"97,0000","98,4400",62,1,19,1485,"146,43",CAV1128,100.00,2028-11-18,1426.0,147,CB-FC-POzmienne (WIBOR6M* + marża),6.00%,11.81%
CAVATINA HOLDING,CAV1225,GPW RR,1,"98,4000","98,5000",-,-,2024-12-20,-,"99,9900",-,1,3,"99,5000","99,8500",5,1,7,39,"38,65",CAV1225,"1,000.00",2025-12-30,372.0,8,CB-FC-POzmienne (WIBOR6M + marża),6.00%,11.86%
CAVATINA HOLDING,CAV1226,GPW RR,1,"99,0000","99,0000",-,-,2024-12-20,-,"99,0000",-,1,10,"98,0000","98,9900",4,3,1,4,"3,99",CAV1226,"1,000.00",2026-12-05,712.0,165,CB-FC-PPzmienne (WIBOR6M + marża),6.00%,11.79%
CAVATINA HOLDING,CAV1227,GPW RR,1,"98,2200","98,2200",-,-,2024-12-20,-,"98,6100",-,1,100,"98,0000","98,6100",90,1,7,226,"22,25",CAV1227,100.00,2027-12-19,1091.0,179,CB-FC-POzmienne (WIBOR6M + marża),6.00%,11.78%
CCC,"CCC0626
                                    

                                                                                                             /Z",BS ASO,1,"100,0000",-,-,-,-,-,-,-,-,-,-,-,-,-,-,-,-,,,,,,,,
CCC,"CCC0626
                                    

                                                                                                             /Z",BS ASO,1,"100,0000",-,-,-,-,-,-,-,-,-,-,-,-,-,-,-,-,,,,,,,,
CCC,"CCC0626
                                    

                                                                                                             /Z",GPW ASO,1,"100,2800",-,-,-,2024-12-13,-,"100,2800",-,-,-,-,-,-,-,-,-,-,,,,,,,,
CCC,"CCC0626
                                    

                                                                                                             /Z",GPW ASO,1,"100,2800",-,-,-,2024-12-13,-,"100,2800",-,-,-,-,-,-,-,-,-,-,,,,,,,,
COGNOR,CO10129,GPW ASO,1,"96,0000","96,0000",-,-,2024-12-20,-,"96,0000",-,1,4,"96,0000","97,5500",19,1,1,5,"5,03",CO10129,"1,000.00",2029-01-15,1484.0,24,CB-FC-PPzmienne (WIBOR6M + marża),4.20%,10.07%
COGNOR,COG0129,GPW ASO,1,"96,0000","96,0000",-,-,2024-12-20,-,"96,0000",-,1,20,"95,2500","96,0000",40,1,6,47,"47,26",COG0129,"1,000.00",2029-01-15,1484.0,24,CB-FC-PPzmienne (WIBOR6M + marża),4.20%,10.07%
CORDIA POLSKA FINANCE,CPF1227,GPW ASO,1,"100,9900","100,9900",-,-,2024-12-20,-,"100,9900",-,2,12,"100,5000","100,9900",28,1,3,14,"14,17",CPF1227,"1,000.00",2027-12-18,1090.0,178,CB-FC-PPzmienne (WIBOR6M + marża),4.50%,10.28%
CYFROWY POLSAT,"CPS0130
                                    

                                                                                                            
                                                                                                             /S",GPW ASO,1,"101,9900","101,9900",-,-,2024-12-20,-,"102,0000",-,1,1,"101,8100","102,0000",91,1,13,221,"235,24",,,,,,,,
DANTEX GROUP,DAN0126,GPW ASO,1,"102,0000","101,5000",-,-,2024-12-20,-,"101,5000",-,1,3,"99,9200","102,0000",56,1,1,66,"68,22",DAN0126,"1,000.00",2026-01-24,397.0,33,CB-FC-PPzmienne (WIBOR3M + marża),4.80%,10.65%
DEKPOL,"DEK0626
                                    

                                                                                                             /Z",GPW RR,1,"100,5000",-,-,-,2024-12-17,-,"100,5000",-,-,-,-,-,-,-,-,-,-,,,,,,,,
DEKPOL,DEK0628,GPW ASO,1,"101,7000","101,7000",-,-,2024-12-20,-,"101,7000",-,1,5,"100,5100","101,7000",4,1,1,2,"2,05",DEK0628,"1,000.00",2028-06-06,1261.0,166,CB-FC-PPzmienne (WIBOR6M + marża),4.00%,9.78%
DEKPOL,DEK1228,GPW ASO,1,"100,1000","100,2000",-,-,2024-12-20,-,"100,2000",-,2,22,"100,0200","100,2000",41,1,14,208,"209,51",DEK1228,"1,000.00",2028-12-02,1440.0,70,CB-FC-PPzmienne (WIBOR3M + marża),3.90%,9.75%
DEKPOL,DKP0225,GPW RR,1,"100,5000","100,2300",-,-,2024-12-20,-,"100,0100",-,1,1,"100,0100","100,4800",3,1,6,25,"25,36",DKP0225,"1,000.00",2025-02-13,52.0,53,CB-FC-POzmienne (WIBOR3M + marża),4.70%,10.54%
DEKPOL,"DKP0626
                                    

                                                                                                             /Z",GPW RR,1,"100,2400",-,-,-,2024-12-17,-,"100,2400",-,-,-,-,-,-,-,-,-,-,,,,,,,,
DEKPOL,"DKP0925
                                    

                                                                                                             /Z",GPW RR,1,"100,2000",-,-,-,2024-12-10,-,"100,2000",-,-,-,-,-,-,-,-,-,-,,,,,,,,
DINO POLSKA,DNP1025,GPW ASO,1,"100,4600",-,-,-,2024-12-11,-,"100,4600",-,2,4,"100,5100","104,9900",4,1,-,-,-,DNP1025,"1,000.00",2025-10-20,301.0,29,CB-FC-PPzmienne (WIBOR3M + marża),1.20%,7.06%
DOM DEVELOPMENT,DOM0526,GPW ASO,1,"101,0000",-,-,-,2024-11-25,-,"101,0000",-,-,-,-,"101,9400",25,1,-,-,-,DOM0526,"1,000.00",2026-05-12,505.0,141,CB-FC-PPzmienne (WIBOR6M + marża),1.30%,7.13%
DOM DEVELOPMENT,DOM0925,GPW ASO,1,"101,0000",-,-,-,2024-06-25,-,"101,0000",-,-,-,-,-,-,-,-,-,-,DOM0925,"1,000.00",2025-09-25,276.0,93,CB-FC-PPzmienne (WIBOR6M + marża),1.75%,7.60%
DOM DEVELOPMENT,DOM0928,GPW ASO,1,"100,0000",-,-,-,2024-12-02,-,"100,0000",-,-,-,-,-,-,-,-,-,-,DOM0928,"1,000.00",2028-09-28,1375.0,96,CB-FC-PPzmienne (WIBOR6M + marża),1.55%,7.40%
DOMESTA,DST1126,GPW ASO,1,"103,8000",-,-,-,2024-12-19,-,"103,8000",-,1,3,"100,0200","103,7900",13,1,-,-,-,DST1126,"1,000.00",2026-11-10,687.0,50,CB-FC-PPzmienne (WIBOR3M + marża),5.25%,11.09%
DEVELIA,DVL0326,GPW ASO,1,"107,0000",-,-,-,2024-12-17,-,"107,0000",-,1,10,"105,6000","107,0000",10,1,-,-,-,DVL0326,"1,000.00",2026-03-27,459.0,5,CB-FC-PPzmienne (WIBOR3M + marża),4.10%,9.95%
DEVELIA,DVL0528,GPW ASO,1,"100,0000",-,-,-,-,-,-,-,-,-,-,-,-,-,-,-,-,DVL0528,"1,000.00",2028-05-19,1243.0,60,CB-FC-PPzmienne (WIBOR3M + marża),3.00%,8.85%
DEVELIA,DVL0726,GPW ASO,1,"102,9500",-,-,-,2024-08-08,-,"102,9500",-,1,3,"102,9500",-,-,-,-,-,-,DVL0726,"1,000.00",2026-07-06,560.0,12,CB-FC-PPzmienne (WIBOR3M + marża),3.58%,9.42%
DEVELIA,DVL1028,GPW ASO,1,"100,0100",-,-,-,2024-11-22,-,"100,0100",-,1,3,"100,0000","103,9900",6,2,-,-,-,DVL1028,"1,000.00",2028-10-30,1407.0,39,CB-FC-PPzmienne (WIBOR3M + marża),2.50%,8.35%
DEVELIA,"DVL1225
                                    

                                                                                                             /Z",GPW RR,1,"101,9000",-,-,-,2024-12-09,-,"101,9000",-,-,-,-,-,-,-,-,-,-,,,,,,,,
DEVELIA,DVL1227,GPW ASO,1,"100,0000",-,-,-,-,-,-,-,-,-,-,-,-,-,-,-,-,DVL1227,"1,000.00",2027-12-08,1080.0,78,CB-FC-PPzmienne (WIBOR3M + marża),3.40%,9.25%
DEVELOPRES,DVR0726,GPW ASO,1,"101,5000","101,7900",-,-,2024-12-20,-,"101,7900",-,1,4,"100,8200","101,7800",19,1,2,4,"4,16",DVR0726,"1,000.00",2026-07-25,579.0,34,CB-FC-PPzmienne (WIBOR3M + marża),6.40%,12.25%
DEVELOPRES,DVR1226,GPW ASO,1,"100,1200",-,-,-,2024-12-04,-,"100,1200",-,1,4,"100,6600","104,0000",10,1,-,-,-,DVR1226,"1,000.00",2026-12-22,729.0,90,CB-FC-PPzmienne (WIBOR3M + marża),5.40%,11.26%
ECHO INVESTMENT,ECH0125,GPW RR,1,"100,1800","100,0000",-,-,2024-12-20,-,"100,0000",-,1,185,"100,0000","100,1600",35,1,2,65,"6,80",ECH0125,100.00,2025-01-10,18.0,19,CB-FC-POzmienne (WIBOR6M + marża),4.00%,9.86%
ECHO INVESTMENT,ECH0128,GPW RR,1,"101,7200","101,7300",-,-,2024-12-20,-,"101,7300",-,1,31,"101,7200","101,7300",82,1,8,541,"57,21",ECH0128,100.00,2028-01-31,1134.0,40,CB-FC-POzmienne (WIBOR6M + marża),4.00%,9.87%
ECHO INVESTMENT,ECH0226,GPW RR,1,"101,6600",-,-,-,2024-12-19,-,"101,6600",-,1,250,"101,6600","102,3000",200,1,-,-,-,ECH0226,100.00,2026-02-22,426.0,62,CB-FC-POzmienne (WIBOR6M + marża),4.00%,9.85%
ECHO INVESTMENT,ECH0229,GPW ASO,1,"100,0000",-,-,-,-,-,-,-,-,-,-,-,-,-,-,-,-,ECH0229,"10,000.00",2029-02-27,1527.0,67,CB-FC-PPzmienne (WIBOR6M + marża),4.50%,10.35%
ECHO INVESTMENT,ECH0426,GPW RR,1,"101,5000",-,-,-,2024-12-18,-,"101,5000",-,1,100,"101,2300","101,9900",19,1,-,-,-,ECH0426,100.00,2026-04-27,490.0,126,CB-FC-POzmienne (WIBOR6M + marża),4.00%,9.85%
ECHO INVESTMENT,ECH0428,GPW RR,1,"101,7100","101,7000",-,-,2024-12-20,-,"102,1900",-,1,600,"102,0000","102,3400",225,1,6,1325,"137,19",ECH0428,100.00,2028-04-26,1220.0,125,CB-FC-POzmienne (WIBOR6M + marża),3.80%,9.65%
ECHO INVESTMENT,ECH0528,GPW ASO,1,"102,2000",-,-,-,2024-09-23,-,"102,2000",-,1,3,"102,2000",-,-,-,-,-,-,ECH0528,"10,000.00",2028-05-24,1248.0,153,CB-FC-PPzmienne (WIBOR6M + marża),4.50%,10.31%
ECHO INVESTMENT,ECH0529,GPW ASO,1,"100,0000",-,-,-,-,-,-,-,-,-,-,-,-,-,-,-,-,ECH0529,"10,000.00",2029-05-13,1602.0,142,CB-FC-PPzmienne (WIBOR6M + marża),4.50%,10.34%
ECHO INVESTMENT,ECH0626,GPW RR,1,"101,8000","101,7500",-,-,2024-12-20,-,"101,9400",-,1,19,"101,5000","101,9400",100,1,2,183,"18,64",ECH0626,100.00,2026-06-27,551.0,5,CB-FC-POzmienne (WIBOR6M + marża),4.00%,9.86%
ECHO INVESTMENT,ECH0627,GPW RR,1,"101,7400","101,7700",-,-,2024-12-20,-,"101,7600",-,1,100,"101,4000","101,7600",14,1,3,59,"6,00",ECH0627,100.00,2027-06-28,917.0,6,CB-FC-POzmienne (WIBOR6M + marża),4.00%,9.86%
ECHO INVESTMENT,ECH0829,GPW ASO,1,"100,0000",-,-,-,-,-,-,-,-,-,-,-,-,-,-,-,-,ECH0829,"10,000.00",2029-08-01,1682.0,41,CB-FC-PPzmienne (WIBOR6M + marża),4.50%,10.37%
ECHO INVESTMENT,ECH0926,GPW RR,1,"102,0000",-,-,-,2024-12-19,-,"102,0000",-,2,125,"101,3400","102,3300",100,1,-,-,-,ECH0926,100.00,2026-09-06,622.0,74,CB-FC-POzmienne (WIBOR6M + marża),4.00%,9.85%
ECHO INVESTMENT,ECH1127,GPW RR,1,"101,6900",-,-,-,2024-12-19,-,"101,6900",-,1,100,"101,1200","101,9500",100,1,-,-,-,ECH1127,100.00,2027-11-15,1057.0,144,CB-FC-POzmienne (WIBOR6M + marża),4.00%,9.84%
ECHO INVESTMENT,ECH1227,GPW ASO,1,"99,0500",-,-,-,-,-,-,-,-,-,-,-,-,-,-,-,-,ECH1227,"10,000.00",2027-12-08,1080.0,168,CB-FC-PPzmienne (WIBOR6M + marża),4.50%,10.28%
EUROPEJSKI BANK,EIB0925,GPW RR,1,"99,6900",-,-,-,-,-,-,-,-,-,-,-,-,-,-,-,-,EIB0925,"1,000.00",2025-09-25,276.0,277,MB-XC-POstałe,7.00%,
ENEA,ENA0527,GPW ASO,1,"100,8500",-,-,-,2024-07-31,-,"100,8500",-,-,-,-,-,-,-,-,-,-,ENA0527,"100,000.00",2027-05-21,879.0,150,CB-FC-PPzmienne (WIBOR6M + marża),1.25%,7.06%
ENEA,ENA0530,GPW ASO,1,"102,5000",-,-,-,2024-10-31,-,"102,5000",-,1,2,"100,0000",-,-,-,-,-,-,ENA0530,"100,000.00",2030-05-21,1975.0,150,CB-FC-PPzmienne (WIBOR6M + marża),1.60%,7.41%
ERBUD,ERB0925,GPW ASO,1,"100,3000",-,-,-,2024-12-19,-,"100,3000",-,1,15,"99,5000","100,3000",1,1,-,-,-,ERB0925,"1,000.00",2025-09-23,274.0,91,CB-FC-PPzmienne (WIBOR6M + marża),2.60%,8.45%
EUROCASH,EUR1225,GPW ASO,1,"100,0000",-,-,-,2024-12-19,-,"100,0000",-,1,10,"100,1000","100,3400",6,1,-,-,-,EUR1225,"1,000.00",2025-12-23,365.0,1,CB-FC-PPzmienne (WIBOR6M + marża),2.25%,8.11%
GHELAMCO INVEST,"GHE0128
                                    

                                                                                                            
                                                                                                             /S",GPW RR,1,"100,7900","100,6400",-,-,2024-12-20,-,"101,2000",-,1,88,"101,0000","101,2000",26,1,15,2172,"230,61",,,,,,,,
GHELAMCO INVEST,"GHE0226
                                    

                                                                                                            
                                                                                                             /S",GPW ASO,1,"100,5000","100,5000",-,-,2024-12-20,-,"100,9600",-,1,20,"100,5100","100,9600",49,3,13,116,"122,00",,,,,,,,
GHELAMCO INVEST,"GHE0327
                                    

                                                                                                            
                                                                                                             /S",GPW ASO,1,"100,5000","100,5000",-,-,2024-12-20,-,"101,0000",-,2,20,"101,0000","101,1000",20,1,6,66,"68,15",,,,,,,,
GHELAMCO INVEST,"GHE0728
                                    

                                                                                                            
                                                                                                             /S",GPW ASO,1,"100,4000","100,4000",-,-,2024-12-20,-,"100,7900",-,1,13,"100,6000","100,7900",42,1,5,62,"65,45",,,,,,,,
GHELAMCO INVEST,"GHE1027
                                    

                                                                                                            
                                                                                                             /S",GPW RR,1,"101,0000","101,3000",-,-,2024-12-20,-,"101,5000",-,3,1858,"101,0000","101,5000",628,2,5,601,"61,92",,,,,,,,
GHELAMCO INVEST,"GHE1127
                                    

                                                                                                            
                                                                                                             /S",GPW ASO,1,"100,5000","100,9800",-,-,2024-12-20,-,"100,9800",-,1,20,"100,9000","101,9900",116,1,1,22,"22,48",,,,,,,,
GHELAMCO INVEST,"GHE1128
                                    

                                                                                                            
                                                                                                             /S",GPW ASO,1,"100,7500","100,7400",-,-,2024-12-20,-,"100,6000",-,1,10,"100,5400","100,6500",125,1,14,414,"422,33",,,,,,,,
GHELAMCO INVEST,GHI0725,GPW ASO,1,"100,8800","100,5000",-,-,2024-12-20,-,"100,5000",-,1,15,"100,3000","100,8800",90,1,1,10,"10,54",GHI0725,"1,000.00",2025-07-16,205.0,25,CB-FC-PPzmienne (WIBOR6M + marża),5.00%,10.87%
GHELAMCO INVEST,GHI0925,GPW ASO,1,"100,9000","100,5900",-,-,2024-12-20,-,"100,8900",-,1,21,"100,3500","100,8900",6,1,2,24,"24,79",GHI0925,"1,000.00",2025-09-29,280.0,97,CB-FC-PPzmienne (WIBOR6M + marża),5.00%,10.85%
HM INWEST,HMI0327,GPW ASO,1,"100,0400","100,2500",-,-,2024-12-20,-,"100,1300",-,2,60,"100,1400","101,5400",55,1,5,152,"15,74",HMI0327,100.00,2027-03-07,804.0,75,CB-FC-PPzmienne (WIBOR6M + marża),5.00%,10.85%
HM INWEST,HMI0627,GPW ASO,1,"101,5500","101,5200",-,-,2024-12-20,-,"101,5200",-,1,50,"101,5000","101,5000",50,1,3,100,"10,22",HMI0627,100.00,2027-06-06,895.0,166,CB-FC-PPzmienne (WIBOR6M + marża),6.00%,11.78%
I2 DEVELOPMENT,I2D0225,GPW ASO,1,"99,0000","99,0000",-,-,2024-12-20,-,"99,0000",-,1,5,"98,8000","99,0000",2,1,9,172,"171,40",I2D0225,"1,000.00",2025-02-13,52.0,53,CB-XC-PPstałe,5.40%,
INTERNETOWY FUNDUSZ LEASINGOWY,IFL0334,GPW ASO,1,"100,2300",-,-,-,2024-12-13,-,"100,2300",-,1,10,"99,8000","100,2300",29,1,-,-,-,IFL0334,"1,000.00",2034-03-31,3385.0,9,CB-FC-PPzmienne (WIBOR3M* + marża),2.00%,7.85%
INFINITY,INF0326,GPW ASO,1,"102,3700",-,-,-,2024-12-13,-,"102,3700",-,1,7,"100,0200","102,3600",200,1,-,-,-,INF0326,750.00,2026-03-16,448.0,84,CB-FC-PPzmienne (WIBOR3M + marża),5.60%,11.46%
INFINITY,INY0225,GPW ASO,1,"100,9000",-,-,-,2024-12-04,-,"100,9000",-,-,-,-,-,-,-,-,-,-,INY0225,600.00,2025-02-10,49.0,50,CB-FC-PPzmienne (WIBOR3M + marża),4.80%,10.64%
INFINITY,INY0725,GPW ASO,1,"100,2200",-,-,-,2024-11-06,-,"100,2200",-,-,-,-,"105,0000",3,1,-,-,-,INY0725,600.00,2025-07-12,201.0,21,CB-FC-PPzmienne (WIBOR3M + marża),4.80%,10.65%
INPRO SA,INP1025,GPW ASO,1,"99,9900",-,-,-,2023-04-14,-,"99,9900",-,-,-,-,-,-,-,-,-,-,INP1025,"1,000.00",2025-10-07,288.0,106,CB-FC-PPzmienne (WIBOR6M + marża),2.75%,8.60%
INDOS,"INS0126
                                    

                                                                                                             /Z",GPW ASO,1,"101,9800",-,-,-,2024-10-22,-,"101,9800",-,-,-,-,-,-,-,-,-,-,,,,,,,,
INDOS,INS0127,GPW ASO,1,"104,0000",-,-,-,2024-12-18,-,"104,0000",-,1,15,"101,0300","104,0000",5,1,-,-,-,INS0127,"1,000.00",2027-01-19,757.0,28,CB-FC-PPzmienne (WIBOR3M + marża),5.80%,11.65%
INDOS,INS0228,GPW ASO,1,"101,5000",-,-,-,2024-12-09,-,"101,5000",-,1,28,"98,0000","101,9000",20,1,-,-,-,INS0228,"1,000.00",2028-02-19,1153.0,59,CB-FC-PPzmienne (WIBOR3M + marża),4.75%,10.60%
INDOS,INS0526,GPW ASO,1,"102,0000",-,-,-,2024-12-18,-,"102,0000",-,1,10,"100,9000","102,4000",10,1,-,-,-,INS0526,"1,000.00",2026-05-23,516.0,63,CB-FC-PPzmienne (WIBOR3M + marża),5.50%,11.35%
INPOST SOCIÉTÉ ANONYME W LUKSE,IPT0627,GPW ASO,1,"100,0000",-,-,-,-,-,-,-,-,-,-,-,-,-,-,-,-,IPT0627,"500,000.00",2027-06-29,918.0,17,CB-FC-PPzmienne (WIBOR6M + marża),2.50%,8.36%
JHM DEVELOPMENT,JHM1225,GPW ASO,1,"102,0000",-,-,-,2024-02-09,-,"102,0000",-,-,-,-,-,-,-,-,-,-,JHM1225,"1,000.00",2025-12-17,359.0,177,CB-FC-PPzmienne (WIBOR6M + marża),4.90%,10.68%
KGHM POLSKA MIEDŹ SA,KGH0629,BS ASO,1,"100,0000",-,-,-,-,-,-,-,-,-,-,-,-,-,-,-,-,KGH0629,"1,000.00",2029-06-27,1647.0,5,CB-FC-PPzmienne (WIBOR6M + marża),1.65%,7.51%
KGHM POLSKA MIEDŹ SA,KGH0629,BS ASO,1,"100,0000",-,-,-,-,-,-,-,-,-,-,-,-,-,-,-,-,KGH0629,"1,000.00",2029-06-27,1647.0,5,CB-FC-PPzmienne (WIBOR6M + marża),1.65%,7.51%
KGHM POLSKA MIEDŹ SA,KGH0629,BS ASO,1,"100,0000",-,-,-,-,-,-,-,-,-,-,-,-,-,-,-,-,KGH0629,"1,000.00",2029-06-27,1647.0,5,CB-FC-PPzmienne (WIBOR6M + marża),1.65%,7.51%
KGHM POLSKA MIEDŹ SA,KGH0629,BS ASO,1,"100,0000",-,-,-,-,-,-,-,-,-,-,-,-,-,-,-,-,KGH0629,"1,000.00",2029-06-27,1647.0,5,CB-FC-PPzmienne (WIBOR6M + marża),1.65%,7.51%
KGHM POLSKA MIEDŹ SA,KGH0629,BS ASO,1,"100,0000",-,-,-,-,-,-,-,-,-,-,-,-,-,-,-,-,KGH0629,"1,000.00",2029-06-27,1647.0,5,CB-FC-PPzmienne (WIBOR6M + marża),1.65%,7.51%
KGHM POLSKA MIEDŹ SA,KGH0629,BS ASO,1,"100,0000",-,-,-,-,-,-,-,-,-,-,-,-,-,-,-,-,KGH0629,"1,000.00",2029-06-27,1647.0,5,CB-FC-PPzmienne (WIBOR6M + marża),1.65%,7.51%
KGHM POLSKA MIEDŹ SA,KGH0629,BS ASO,1,"100,0000",-,-,-,-,-,-,-,-,-,-,-,-,-,-,-,-,KGH0629,"1,000.00",2029-06-27,1647.0,5,CB-FC-PPzmienne (WIBOR6M + marża),1.65%,7.51%
KGHM POLSKA MIEDŹ SA,KGH0629,BS ASO,1,"100,0000",-,-,-,-,-,-,-,-,-,-,-,-,-,-,-,-,KGH0629,"1,000.00",2029-06-27,1647.0,5,CB-FC-PPzmienne (WIBOR6M + marża),1.65%,7.51%
KGHM POLSKA MIEDŹ SA,KGH0629,GPW ASO,1,"102,1500","102,6400",-,-,2024-12-20,-,"102,6400",-,1,3,"102,3000","102,9700",3,1,4,1104,"1 133,15",KGH0629,"1,000.00",2029-06-27,1647.0,5,CB-FC-PPzmienne (WIBOR6M + marża),1.65%,7.51%
KGHM POLSKA MIEDŹ SA,KGH0629,GPW ASO,1,"102,1500","102,6400",-,-,2024-12-20,-,"102,6400",-,1,3,"102,3000","102,9700",3,1,4,1104,"1 133,15",KGH0629,"1,000.00",2029-06-27,1647.0,5,CB-FC-PPzmienne (WIBOR6M + marża),1.65%,7.51%
KGHM POLSKA MIEDŹ SA,KGH0629,GPW ASO,1,"102,1500","102,6400",-,-,2024-12-20,-,"102,6400",-,1,3,"102,3000","102,9700",3,1,4,1104,"1 133,15",KGH0629,"1,000.00",2029-06-27,1647.0,5,CB-FC-PPzmienne (WIBOR6M + marża),1.65%,7.51%
KGHM POLSKA MIEDŹ SA,KGH0629,GPW ASO,1,"102,1500","102,6400",-,-,2024-12-20,-,"102,6400",-,1,3,"102,3000","102,9700",3,1,4,1104,"1 133,15",KGH0629,"1,000.00",2029-06-27,1647.0,5,CB-FC-PPzmienne (WIBOR6M + marża),1.65%,7.51%
KGHM POLSKA MIEDŹ SA,KGH0629,GPW ASO,1,"102,1500","102,6400",-,-,2024-12-20,-,"102,6400",-,1,3,"102,3000","102,9700",3,1,4,1104,"1 133,15",KGH0629,"1,000.00",2029-06-27,1647.0,5,CB-FC-PPzmienne (WIBOR6M + marża),1.65%,7.51%
KGHM POLSKA MIEDŹ SA,KGH0629,GPW ASO,1,"102,1500","102,6400",-,-,2024-12-20,-,"102,6400",-,1,3,"102,3000","102,9700",3,1,4,1104,"1 133,15",KGH0629,"1,000.00",2029-06-27,1647.0,5,CB-FC-PPzmienne (WIBOR6M + marża),1.65%,7.51%
KGHM POLSKA MIEDŹ SA,KGH0629,GPW ASO,1,"102,1500","102,6400",-,-,2024-12-20,-,"102,6400",-,1,3,"102,3000","102,9700",3,1,4,1104,"1 133,15",KGH0629,"1,000.00",2029-06-27,1647.0,5,CB-FC-PPzmienne (WIBOR6M + marża),1.65%,7.51%
KGHM POLSKA MIEDŹ SA,KGH0629,GPW ASO,1,"102,1500","102,6400",-,-,2024-12-20,-,"102,6400",-,1,3,"102,3000","102,9700",3,1,4,1104,"1 133,15",KGH0629,"1,000.00",2029-06-27,1647.0,5,CB-FC-PPzmienne (WIBOR6M + marża),1.65%,7.51%
KGHM POLSKA MIEDŹ SA,KGH0631,GPW ASO,1,"101,1600","101,1600",-,-,2024-12-20,-,"101,1600",-,1,10,"100,8000","101,1600",51,1,2,23,"23,27",KGH0631,"1,000.00",2031-06-26,2376.0,4,CB-FC-PPzmienne (WIBOR6M + marża),1.25%,7.11%
KREDYT INKASO,KIN1025,GPW RR,1,"100,6000","100,5000",-,-,2024-12-20,-,"100,5000",-,1,80,"100,5000","100,8000",30,1,2,50,"5,03",KIN1025,100.00,2025-10-23,304.0,9,CB-FC-POzmienne (WIBOR3M + marża),4.90%,10.76%
KREDYT INKASO,KRI0228,GPW RR,1,"102,5000","103,4900",-,-,2024-12-20,-,"103,9700",-,2,31,"103,0000","103,9700",1,1,5,22,"23,16",KRI0228,"1,000.00",2028-02-07,1141.0,47,CB-FC-PPzmienne (WIBOR3M + marża),5.50%,11.35%
KREDYT INKASO,KRI0329,GPW ASO,1,"102,5900","101,8000",-,-,2024-12-20,-,"101,8000",-,1,3,"101,6000","102,4900",5,1,1,8,"6,27",KRI0329,750.01,2029-03-28,1556.0,96,CB-FC-PPzmienne (WIBOR6M + marża),4.90%,10.75%
KREDYT INKASO,KRI0427,GPW RR,1,"102,6000",-,-,-,2024-12-12,-,"102,6000",-,1,20,"101,9000","102,9000",20,1,-,-,-,KRI0427,"1,000.00",2027-04-14,842.0,23,CB-FC-PPzmienne (WIBOR3M + marża),5.50%,11.35%
KREDYT INKASO,KRI0726,GPW RR,1,"101,0000",-,-,-,2024-12-18,-,"101,0000",-,1,500,"101,0000","101,4700",254,1,-,-,-,KRI0726,100.00,2026-07-27,581.0,36,CB-FC-POzmienne (WIBOR3M + marża),4.70%,10.55%
KREDYT INKASO,KRI0727,GPW RR,1,"102,6000","102,5000",-,-,2024-12-20,-,"103,0000",-,1,15,"102,4000","103,4000",10,1,3,7,"7,36",KRI0727,"1,000.00",2027-07-13,932.0,22,CB-FC-PPzmienne (WIBOR3M + marża),5.50%,11.35%
KREDYT INKASO,KRI1025,GPW RR,1,"99,3000",-,-,-,2024-12-03,-,"99,3000",-,1,100,"98,2000","99,7000",100,1,-,-,-,KRI1025,100.00,2025-10-19,300.0,28,CB-XC-POstałe,6.00%,
KREDYT INKASO,KRI1027,GPW ASO,1,"102,0000",-,-,-,2024-12-11,-,"102,0000",-,1,20,"102,0000","103,4900",9,1,-,-,-,KRI1027,"1,000.00",2027-10-04,1015.0,103,CB-FC-PPzmienne (WIBOR6M + marża),5.50%,11.35%
KREDYT INKASO,KRI1127,GPW RR,1,"102,9100","103,6000",-,-,2024-12-20,-,"103,6000",-,1,15,"103,0000","104,0000",15,1,1,7,"7,32",KRI1127,"1,000.00",2027-11-28,1070.0,68,CB-FC-PPzmienne (WIBOR3M + marża),5.50%,11.35%
KREDYT INKASO,KRI1128,GPW ASO,1,"101,1000",-,-,-,2024-12-19,-,"101,1000",-,1,20,"99,8000","101,0000",54,1,-,-,-,KRI1128,"1,000.00",2028-11-12,1420.0,52,CB-FC-PPzmienne (WIBOR3M* + marża),4.20%,10.04%
KRUK,KR10228,GPW RR,1,"103,6200","103,6100",-,-,2024-12-20,-,"103,0600",-,1,48,"103,0600","103,6000",106,3,5,124,"12,95",KR10228,100.00,2028-02-20,1154.0,60,CB-FC-POzmienne (WIBOR3M + marża),4.00%,9.85%
KRUK,KR10627,GPW RR,1,"102,8500",-,-,-,2024-12-19,-,"102,8500",-,1,50,"101,5100","102,8500",54,1,-,-,-,KR10627,100.00,2027-06-01,890.0,69,CB-FC-POzmienne (WIBOR3M + marża),3.30%,9.15%
KRUK,KR11029,GPW RR,1,"100,5000","100,5000",-,-,2024-12-20,-,"100,8000",-,1,1938,"100,8000","101,0000",99,1,5,340,"34,82",KR11029,100.00,2029-10-22,1764.0,29,CB-FC-POzmienne (WIBOR3M + marża),3.00%,8.85%
KRUK,KR20229,GPW RR,1,"103,6300","103,6500",-,-,2024-12-20,-,"104,0000",-,1,100,"103,7100","104,0000",75,1,7,258,"27,01",KR20229,100.00,2029-02-23,1523.0,63,CB-FC-POzmienne (WIBOR3M + marża),4.00%,9.85%
KRUK,KRU0129,GPW ASO,1,"100,0000",-,-,-,-,-,-,-,1,20,"100,0000",-,-,-,-,-,-,KRU0129,"1,000.00",2029-01-04,1473.0,13,CB-FC-PPzmienne (WIBOR3M + marża),4.50%,10.35%
KRUK,KRU0226,GPW RR,1,"97,1800",-,-,-,2024-12-18,-,"97,1800",-,1,1,"96,3600","97,0000",17,1,-,-,-,KRU0226,100.00,2026-02-18,422.0,58,CB-XC-POstałe,4.20%,
KRUK,KRU0227,GPW RR,1,"104,3000",-,-,-,2024-12-18,-,"104,3000",-,1,100,"102,1000","104,2900",40,1,-,-,-,KRU0227,100.00,2027-02-08,777.0,48,CB-FC-PPzmienne (WIBOR3M + marża),3.30%,9.12%
KRUK,KRU0228,GPW ASO,1,"102,0000",-,-,-,2024-10-08,-,"102,0000",-,-,-,-,-,-,-,-,-,-,KRU0228,850.00,2028-02-02,1136.0,42,CB-FC-PPzmienne (WIBOR3M + marża),3.20%,9.06%
KRUK,KRU0325,GPW ASO,1,"101,0000",-,-,-,2024-12-19,-,"101,0000",-,1,7,"101,0000","102,0000",10,1,-,-,-,KRU0325,"1,000.00",2025-03-27,94.0,5,CB-FC-PPzmienne (WIBOR3M + marża),4.00%,9.85%
KRUK,KRU0625,GPW ASO,1,"102,0000",-,-,-,2024-12-19,-,"102,0000",-,1,10,"101,5000","102,5000",20,1,-,-,-,KRU0625,"1,000.00",2025-06-28,187.0,6,CB-FC-PPzmienne (WIBOR3M + marża),4.00%,9.85%
KRUK,KRU0626,GPW RR,1,"95,1000",-,-,-,2024-12-19,-,"95,1000",-,1,100,"95,8600","96,2200",50,2,-,-,-,KRU0626,100.00,2026-06-10,534.0,79,CB-XC-PPstałe,4.00%,
KRUK,KRU0627,GPW ASO,1,"102,5000","102,6000",-,-,2024-12-20,-,"102,7000",-,2,47,"102,6000","104,0000",50,1,3,37,"37,98",KRU0627,"1,000.00",2027-06-28,917.0,6,CB-FC-PPzmienne (WIBOR3M + marża),3.70%,9.55%
KRUK,KRU0628,GPW RR,1,"103,3600","104,0000",-,-,2024-12-20,-,"104,0000",-,1,4970,"104,0000","104,4000",157,1,1,30,"3,13",KRU0628,100.00,2028-06-13,1268.0,81,CB-FC-POzmienne (WIBOR3M + marża),4.00%,9.85%
KRUK,KRU0726,GPW RR,1,"95,5100","95,5100",-,-,2024-12-20,-,"95,9900",-,1,100,"95,2100","95,9900",90,1,4,3271,"314,61",KRU0726,100.00,2026-07-09,563.0,18,CB-XC-POstałe,4.00%,
KRUK,KRU0827,GPW RR,1,"102,5000",-,-,-,2024-12-18,-,"102,5000",-,1,79,"102,0100","103,2700",146,1,-,-,-,KRU0827,100.00,2027-08-12,962.0,52,CB-FC-PPzmienne (WIBOR3M + marża),3.30%,9.14%
KRUK,KRU0828,GPW RR,1,"104,4000","103,3100",-,-,2024-12-20,-,"103,3200",-,1,95,"103,3500","104,5900",99,1,4,400,"41,87",KRU0828,100.00,2028-08-08,1324.0,48,CB-FC-POzmienne (WIBOR3M + marża),4.00%,9.82%
KRUK,KRU0925,GPW RR,1,"98,8700","98,5000",-,-,2024-12-20,-,"98,1200",-,1,43,"98,1200","98,8700",101,1,3,163,"16,02",KRU0925,100.00,2025-09-25,276.0,3,CB-XC-PPstałe,4.80%,
KRUK,KRU1028,GPW RR,1,"104,3500","104,4200",-,-,2024-12-20,-,"105,9400",-,1,3,"104,4200","105,8900",42,1,2,62,"6,71",KRU1028,100.00,2028-10-03,1380.0,12,CB-FC-PPzmienne (WIBOR3M + marża),4.00%,9.85%
KRUK,KRU1029,GPW ASO,1,"107,4000",-,-,-,2024-12-06,-,"107,4000",-,1,2,"106,5000","109,4000",11,1,-,-,-,KRU1029,"1,000.00",2029-10-17,1759.0,26,CB-FC-PPzmienne (WIBOR3M + marża),4.65%,10.52%
KRUK,KRU1127,GPW RR,1,"103,9400","103,9400",-,-,2024-12-20,-,"103,9400",-,1,21,"103,2400","103,9400",316,1,2,2010,"210,55",KRU1127,100.00,2027-11-28,1070.0,68,CB-FC-POzmienne (WIBOR3M + marża),4.00%,9.85%
KRUK,KRU1130,GPW RR,1,"100,5300","100,5000",-,-,2024-12-20,-,"100,4800",-,1,220,"100,4400","100,4800",88,1,10,512,"51,91",KRU1130,100.00,2030-11-19,2157.0,60,CB-FC-POzmienne (WIBOR3M + marża),3.00%,8.85%
KRUK,KRU1226,GPW RR,1,"103,5000",-,-,-,2024-12-19,-,"103,5000",-,1,7,"103,0000","104,4000",8,1,-,-,-,KRU1226,100.00,2026-12-16,723.0,84,CB-FC-POzmienne (WIBOR3M + marża),3.40%,9.26%
LOKUM DEWELOPER,LKD0627,GPW ASO,1,"100,0000",-,-,-,2024-06-18,-,"100,0000",-,-,-,-,"105,0000",5,1,-,-,-,LKD0627,"1,000.00",2027-06-18,907.0,178,CB-FC-PPzmienne (WIBOR6M + marża),3.85%,9.63%
MBANK,"MBK0125
                                    
 /P",BS ASO,1,"100,6000",-,-,-,2016-12-09,-,"100,6000",-,-,-,-,-,-,-,-,-,-,,,,,,,,
MBANK,"MBK0125
                                    
 /P",BS ASO,1,"100,6000",-,-,-,2016-12-09,-,"100,6000",-,-,-,-,-,-,-,-,-,-,,,,,,,,
MBANK,"MBK0125
                                    
 /P",GPW ASO,1,"99,9400","99,9400",-,-,2024-12-20,-,"99,9400",-,1,2,"99,9400","100,3000",1,1,1,1,"103,50",,,,,,,,
MBANK,"MBK0125
                                    
 /P",GPW ASO,1,"99,9400","99,9400",-,-,2024-12-20,-,"99,9400",-,1,2,"99,9400","100,3000",1,1,1,1,"103,50",,,,,,,,
MBANK,"MBK01PERP-K
                                    

                                                                                                            
                                                                                                                                                 /K",GPW ASO,1,"100,1000",-,-,-,2024-12-06,-,"100,1000",-,1,1,"100,1000","102,6000",1,1,-,-,-,,,,,,,,
MBANK,"MBK1028
                                    
 /P",BS ASO,1,"100,0000",-,-,-,-,-,-,-,-,-,-,-,-,-,-,-,-,,,,,,,,
MBANK,"MBK1028
                                    
 /P",BS ASO,1,"100,0000",-,-,-,-,-,-,-,-,-,-,-,-,-,-,-,-,,,,,,,,
MBANK,"MBK1028
                                    
 /P",GPW ASO,1,"102,0000",-,-,-,2024-12-19,-,"102,0000",-,1,5,"100,5000","102,0000",2,1,-,-,-,,,,,,,,
MBANK,"MBK1028
                                    
 /P",GPW ASO,1,"102,0000",-,-,-,2024-12-19,-,"102,0000",-,1,5,"100,5000","102,0000",2,1,-,-,-,,,,,,,,
MBANK,"MBK1030
                                    
 /P",BS ASO,1,"100,0000",-,-,-,-,-,-,-,-,-,-,-,-,-,-,-,-,,,,,,,,
MBANK,"MBK1030
                                    
 /P",BS ASO,1,"100,0000",-,-,-,-,-,-,-,-,-,-,-,-,-,-,-,-,,,,,,,,
MBANK,"MBK1030
                                    
 /P",GPW ASO,1,"102,0000",-,-,-,2024-09-23,-,"102,0000",-,1,1,"100,0000",-,-,-,-,-,-,,,,,,,,
MBANK,"MBK1030
                                    
 /P",GPW ASO,1,"102,0000",-,-,-,2024-09-23,-,"102,0000",-,1,1,"100,0000",-,-,-,-,-,-,,,,,,,,
MCI CAPITAL ASI,MCI0227,GPW RR,1,"100,6200","101,0000",-,-,2024-12-20,-,"101,4700",-,1,100,"101,1000","101,4700",127,1,7,494,"50,59",MCI0227,100.00,2027-02-18,787.0,58,CB-FC-POzmienne (WIBOR3M + marża),3.50%,9.34%
MCI CAPITAL ASI,MCI1126,GPW RR,1,"102,5000",-,-,-,2024-12-19,-,"102,5000",-,1,300,"101,1000","102,5000",100,1,-,-,-,MCI1126,100.00,2026-11-15,692.0,55,CB-FC-PPzmienne (WIBOR3M + marża),3.50%,9.33%
MCI MANAGEMENT SP. Z O.O,MCM0727,GPW ASO,1,"100,0000",-,-,-,-,-,-,-,-,-,-,-,-,-,-,-,-,MCM0727,"1,000.00",2024-07-28,-148.0,null,CB-FC-PPzmienne,,
MCI MANAGEMENT SP. Z O.O,MCM1127,GPW ASO,1,"101,5000","101,6000",-,-,2024-12-20,-,"101,5000",-,2,157,"101,5000","102,3100",89,1,12,811,"83,30",MCM1127,100.00,2027-11-14,1056.0,143,CB-FC-PPzmienne (WIBOR6M + marża),4.30%,10.14%
BANK MILLENNIUM,"MIL0129
                                    
 /P",BS ASO,1,"100,0000",-,-,-,-,-,-,-,-,-,-,-,-,-,-,-,-,,,,,,,,
BANK MILLENNIUM,"MIL0129
                                    
 /P",BS ASO,1,"100,0000",-,-,-,-,-,-,-,-,-,-,-,-,-,-,-,-,,,,,,,,
BANK MILLENNIUM,"MIL0129
                                    
 /P",GPW ASO,1,"101,1000",-,-,-,2024-12-10,-,"101,1000",-,1,1,"99,5100","101,1500",9,1,-,-,-,,,,,,,,
BANK MILLENNIUM,"MIL0129
                                    
 /P",GPW ASO,1,"101,1000",-,-,-,2024-12-10,-,"101,1000",-,1,1,"99,5100","101,1500",9,1,-,-,-,,,,,,,,
BANK MILLENNIUM,"MIL1227
                                    
 /P",BS ASO,1,"97,5000",-,-,-,2020-10-21,-,"97,5000",-,-,-,-,-,-,-,-,-,-,,,,,,,,
BANK MILLENNIUM,"MIL1227
                                    
 /P",BS ASO,1,"97,5000",-,-,-,2020-10-21,-,"97,5000",-,-,-,-,-,-,-,-,-,-,,,,,,,,
BANK MILLENNIUM,"MIL1227
                                    
 /P",GPW ASO,1,"101,5000",-,-,-,2024-11-22,-,"101,5000",-,1,1,"101,5000",-,-,-,-,-,-,,,,,,,,
BANK MILLENNIUM,"MIL1227
                                    
 /P",GPW ASO,1,"101,5000",-,-,-,2024-11-22,-,"101,5000",-,1,1,"101,5000",-,-,-,-,-,-,,,,,,,,
MURAPOL,MUR0527,GPW ASO,1,"100,8000",-,-,-,2024-10-04,-,"100,8000",-,1,1,"100,8000",-,-,-,-,-,-,MUR0527,"100,000.00",2027-05-28,886.0,68,CB-FC-PPzmienne (WIBOR3M + marża),4.00%,9.85%
MARVIPOL DEVELOPMENT,MVP0227,GPW RR,1,"102,4400","102,3600",-,-,2024-12-20,-,"102,3600",-,1,7,"101,9000","102,3000",4,1,1,4,"4,27",MVP0227,"1,000.00",2027-02-04,773.0,44,CB-FC-POzmienne (WIBOR6M + marża),5.40%,11.27%
MARVIPOL DEVELOPMENT,MVP0326,GPW ASO,1,"102,0000",-,-,-,2024-12-17,-,"102,0000",-,1,5,"100,5100","102,0000",3,1,-,-,-,MVP0326,"1,000.00",2026-03-02,434.0,71,CB-FC-PPzmienne (WIBOR6M + marża),5.50%,11.36%
MARVIPOL DEVELOPMENT,MVP0526,GPW RR,1,"102,0000",-,-,-,2024-12-18,-,"102,0000",-,1,5,"101,5200","102,4000",5,1,-,-,-,MVP0526,"1,000.00",2026-05-08,501.0,137,CB-FC-POzmienne (WIBOR6M + marża),5.50%,11.34%
MARVIPOL DEVELOPMENT,MVP0528,GPW RR,1,"101,6200","101,6100",-,-,2024-12-20,-,"101,5700",-,1,20,"101,0500","101,5700",7,1,5,53,"54,60",MVP0528,"1,000.00",2028-05-07,1231.0,136,CB-FC-POzmienne (WIBOR6M + marża),4.50%,10.34%
MARVIPOL DEVELOPMENT,MVP0825,GPW RR,1,"100,6900",-,-,-,2024-12-19,-,"100,6900",-,1,4,"100,4000","100,7000",5,1,-,-,-,MVP0825,"1,000.00",2025-08-03,223.0,43,CB-FC-POzmienne (WIBOR6M + marża),4.50%,10.37%
NDI FINANCE,NDI0327,GPW ASO,1,"100,4100",-,-,-,2024-12-16,-,"100,4100",-,1,3,"100,5200","103,2000",50,1,-,-,-,NDI0327,"1,000.00",2027-03-25,822.0,3,CB-FC-PPzmienne (WIBOR3M + marża),4.50%,10.35%
OLIVIA FIN,OBC0127,GPW ASO,1,"101,4900",-,-,-,2024-12-13,-,"101,4900",-,1,4,"100,0000","101,5000",20,1,-,-,-,OBC0127,"1,000.00",2027-01-14,752.0,23,CB-FC-PPzmienne (WIBOR3M + marża),6.00%,11.85%
OLIVIA FIN,OBC0226,GPW ASO,1,"103,5000",-,-,-,2024-12-19,-,"103,5000",-,2,5,"100,0000","103,0000",5,1,-,-,-,OBC0226,"1,000.00",2026-02-24,428.0,64,CB-FC-PPzmienne (WIBOR3M + marża),4.70%,10.55%
OLIVIA FIN,OBC0227,GPW ASO,1,"101,9800",-,-,-,2024-12-19,-,"101,9800",-,1,6,"101,0000","101,9700",10,1,-,-,-,OBC0227,"1,000.00",2027-02-01,770.0,41,CB-FC-PPzmienne (WIBOR3M + marża),5.50%,11.36%
OLIVIA FIN,OBC0426,GPW ASO,1,"100,5000","100,5000",-,-,2024-12-20,-,"100,5000",-,1,10,"100,1000","101,0000",10,1,1,5,"5,12",OBC0426,"1,000.00",2026-04-26,489.0,35,CB-FC-PPzmienne (WIBOR3M + marża),5.00%,10.85%
OLIVIA FIN,OBC0526,GPW ASO,1,"100,5000",-,-,-,2024-12-19,-,"100,5000",-,1,5,"100,5000","101,4500",10,1,-,-,-,OBC0526,"1,000.00",2026-05-23,516.0,63,CB-FC-PPzmienne (WIBOR3M + marża),5.00%,10.85%
OLIVIA FIN,OBC1026,GPW ASO,1,"101,0000",-,-,-,2024-12-18,-,"101,0000",-,1,9,"100,7000","102,4900",16,2,-,-,-,OBC1026,"1,000.00",2026-10-13,659.0,22,CB-FC-PPzmienne (WIBOR3M + marża),6.00%,11.85%
OLIVIA FIN,OBC1028,GPW ASO,1,"100,0000",-,-,-,2024-12-19,-,"100,0000",-,1,69,"100,0000","100,7500",39,1,-,-,-,OBC1028,"1,000.00",2028-10-22,1399.0,121,CB-FC-POzmienne (WIBOR6M + marża),4.40%,10.25%
OLIVIA FIN,OBC1125,GPW ASO,1,"102,0000",-,-,-,2024-11-29,-,"102,0000",-,-,-,-,"102,0900",37,1,-,-,-,OBC1125,"1,000.00",2025-11-27,339.0,67,CB-FC-PPzmienne (WIBOR3M + marża),5.00%,10.85%
OLIVIA FIN,OBC1126,GPW ASO,1,"101,9500",-,-,-,2024-12-19,-,"101,9500",-,1,5,"101,3000","102,3700",12,1,-,-,-,OBC1126,"1,000.00",2026-11-22,699.0,90,CB-FC-PPzmienne (WIBOR3M + marża),6.00%,11.86%
OKAM CAPITAL,OKA0926,GPW ASO,1,"100,8700",-,-,-,2024-12-16,-,"100,8700",-,1,20,"100,8700","102,9800",50,1,-,-,-,OKA0926,"1,000.00",2026-09-06,622.0,74,CB-FC-PPzmienne (WIBOR3M + marża),5.00%,10.85%
OKAM CAPITAL,OKA1127,GPW ASO,1,"100,4900",-,-,-,2024-12-11,-,"100,4900",-,1,7,"100,0100","102,0000",10,1,-,-,-,OKA1127,"1,000.00",2027-11-21,1063.0,61,CB-FC-PPzmienne (WIBOR3M + marża),4.40%,10.25%
OKAM INCITY,OKM0725,GPW ASO,1,"100,8000",-,-,-,2024-11-13,-,"100,8000",-,1,2,"100,8000",-,-,-,-,-,-,OKM0725,"1,000.00",2025-07-12,201.0,21,CB-FC-PPzmienne (WIBOR3M + marża),4.39%,10.24%
PEKABEX,PBX0625,GPW ASO,1,"99,0000",-,-,-,2024-06-27,-,"99,0000",-,1,4,"99,0000",-,-,-,-,-,-,PBX0625,"1,000.00",2025-06-11,170.0,171,CB-FC-PPzmienne (WIBOR6M + marża),2.65%,8.42%
PCC ROKITA,PCR0425,GPW RR,1,"99,1000",-,-,-,2024-12-19,-,"99,1000",-,1,100,"99,3000","99,8900",96,1,-,-,-,PCR0425,100.00,2025-04-24,122.0,33,CB-XC-POstałe,5.00%,
PCC ROKITA,PCR0426,GPW RR,1,"96,6600",-,-,-,2024-12-16,-,"96,6600",-,1,21,"96,6800","98,0000",77,2,-,-,-,PCR0426,100.00,2026-04-29,492.0,38,CB-XC-PPstałe,5.00%,
PCC ROKITA,PCR0527,GPW RR,1,"98,9900",-,-,-,2024-12-17,-,"98,9900",-,1,100,"97,5500","98,9700",146,1,-,-,-,PCR0527,100.00,2027-05-12,870.0,52,CB-XC-POstałe,5.50%,
PCC ROKITA,PCR0629,GPW RR,1,"100,9900","100,9900",-,-,2024-12-20,-,"101,0000",-,1,32,"100,6100","101,0000",1,1,3,188,"19,08",PCR0629,100.00,2029-06-06,1626.0,74,CB-FC-PPzmienne (WIBOR3M + marża),2.80%,8.65%
PCC ROKITA,PCR1026,GPW RR,1,"98,0000",-,-,-,2024-12-16,-,"98,0000",-,1,27,"98,1800","99,0000",103,1,-,-,-,PCR1026,100.00,2026-10-22,668.0,30,CB-XC-POstałe,5.50%,
PCC ROKITA,PCR1028,GPW RR,1,"102,5000",-,-,-,2024-12-19,-,"102,5000",-,1,30,"101,5100","103,7900",40,1,-,-,-,PCR1028,100.00,2028-10-24,1401.0,33,CB-FC-POzmienne (WIBOR3M + marża),3.20%,9.05%
PCC ROKITA,PCR1228,GPW RR,1,"102,5000",-,-,-,2024-12-19,-,"102,5000",-,1,513,"101,0400","103,4900",25,1,-,-,-,PCR1228,100.00,2028-12-20,1458.0,88,CB-FC-POzmienne (WIBOR3M + marża),3.20%,9.05%
PCC EXOL,PCX0925,GPW RR,1,"98,3600","98,4500",-,-,2024-12-20,-,"98,4500",-,1,24,"98,3500","98,5000",586,1,4,250,"24,62",PCX0925,100.00,2025-09-24,275.0,2,CB-XC-POstałe,5.50%,
PCC EXOL,PCX0929,GPW RR,1,"100,4900","100,2700",-,-,2024-12-20,-,"100,3000",-,1,15,"100,2600","100,4900",10,1,3,160,"16,11",PCX0929,100.00,2029-09-11,1723.0,79,CB-FC-POzmienne (WIBOR3M + marża),2.70%,8.55%
PEKAO,PEO0127,GPW ASO,1,"100,0000",-,-,-,-,-,-,-,-,-,-,"100,1500",2,1,-,-,-,PEO0127,"500,000.00",2027-01-29,767.0,38,CB-FC-PPzmienne (WIBOR6M + marża),0.85%,6.72%
PEKAO,PEO0426,GPW ASO,1,"100,0000",-,-,-,-,-,-,-,-,-,-,-,-,-,-,-,-,PEO0426,"500,000.00",2026-04-03,466.0,102,CB-FC-PPzmienne (WIBOR6M + marża),2.40%,8.25%
PEKAO,PEO0429,GPW ASO,1,"100,5000",-,-,-,2024-07-01,-,"100,5000",-,-,-,-,"100,9900",4,1,-,-,-,PEO0429,"500,000.00",2029-04-26,1585.0,127,CB-FC-PPzmienne (WIBOR6M + marża),1.60%,7.45%
PEKAO,"PEO0631
                                    
 /P",BS ASO,1,"100,0000",-,-,-,-,-,-,-,-,-,-,-,-,-,-,-,-,,,,,,,,
PEKAO,"PEO0631
                                    
 /P",BS ASO,1,"100,0000",-,-,-,-,-,-,-,-,-,-,-,-,-,-,-,-,,,,,,,,
PEKAO,"PEO0631
                                    
 /P",GPW ASO,1,"100,2000",-,-,-,2024-12-12,-,"100,2000",-,1,1,"99,7000","100,4000",6,1,-,-,-,,,,,,,,
PEKAO,"PEO0631
                                    
 /P",GPW ASO,1,"100,2000",-,-,-,2024-12-12,-,"100,2000",-,1,1,"99,7000","100,4000",6,1,-,-,-,,,,,,,,
PEKAO,PEO0727,GPW ASO,1,"100,1000",-,-,-,2023-10-09,-,"100,1000",-,-,-,-,-,-,-,-,-,-,PEO0727,"500,000.00",2027-07-28,947.0,37,CB-XC-PPstałe,7.50%,
PEKAO,"PEO1027
                                    
 /P",BS ASO,1,"100,6000",-,-,-,2018-03-12,-,"100,6000",-,-,-,-,-,-,-,-,-,-,,,,,,,,
PEKAO,"PEO1027
                                    
 /P",BS ASO,1,"100,6000",-,-,-,2018-03-12,-,"100,6000",-,-,-,-,-,-,-,-,-,-,,,,,,,,
PEKAO,"PEO1027
                                    
 /P",GPW ASO,1,"101,0000","101,2000",-,-,2024-12-20,-,"101,7900",-,1,4,"101,0100","101,7900",26,1,14,689,"705,45",,,,,,,,
PEKAO,"PEO1027
                                    
 /P",GPW ASO,1,"101,0000","101,2000",-,-,2024-12-20,-,"101,7900",-,1,4,"101,0100","101,7900",26,1,14,689,"705,45",,,,,,,,
PEKAO,"PEO1028
                                    
 /P",BS ASO,1,"100,0000",-,-,-,-,-,-,-,-,-,-,-,-,-,-,-,-,,,,,,,,
PEKAO,"PEO1028
                                    
 /P",BS ASO,1,"100,0000",-,-,-,-,-,-,-,-,-,-,-,-,-,-,-,-,,,,,,,,
PEKAO,"PEO1028
                                    
 /P",GPW ASO,1,"100,6500",-,-,-,2024-10-23,-,"100,6500",-,1,1,"100,0000","101,0000",10,1,-,-,-,,,,,,,,
PEKAO,"PEO1028
                                    
 /P",GPW ASO,1,"100,6500",-,-,-,2024-10-23,-,"100,6500",-,1,1,"100,0000","101,0000",10,1,-,-,-,,,,,,,,
PEKAO,"PEO1033
                                    
 /P",BS ASO,1,"100,0000",-,-,-,-,-,-,-,-,-,-,-,-,-,-,-,-,,,,,,,,
PEKAO,"PEO1033
                                    
 /P",BS ASO,1,"100,0000",-,-,-,-,-,-,-,-,-,-,-,-,-,-,-,-,,,,,,,,
PEKAO,"PEO1033
                                    
 /P",GPW ASO,1,"100,4500",-,-,-,2024-12-11,-,"100,4500",-,-,-,-,"100,4500",1,1,-,-,-,,,,,,,,
PEKAO,"PEO1033
                                    
 /P",GPW ASO,1,"100,4500",-,-,-,2024-12-11,-,"100,4500",-,-,-,-,"100,4500",1,1,-,-,-,,,,,,,,
PGE,PGE0526,BS ASO,1,"100,0000",-,-,-,-,-,-,-,-,-,-,-,-,-,-,-,-,PGE0526,"1,000.00",2026-05-21,514.0,150,CB-FC-PPzmienne (WIBOR6M + marża),1.20%,7.01%
PGE,PGE0526,BS ASO,1,"100,0000",-,-,-,-,-,-,-,-,-,-,-,-,-,-,-,-,PGE0526,"1,000.00",2026-05-21,514.0,150,CB-FC-PPzmienne (WIBOR6M + marża),1.20%,7.01%
PGE,PGE0526,BS ASO,1,"100,0000",-,-,-,-,-,-,-,-,-,-,-,-,-,-,-,-,PGE0526,"1,000.00",2026-05-21,514.0,150,CB-FC-PPzmienne (WIBOR6M + marża),1.20%,7.01%
PGE,PGE0526,BS ASO,1,"100,0000",-,-,-,-,-,-,-,-,-,-,-,-,-,-,-,-,PGE0526,"1,000.00",2026-05-21,514.0,150,CB-FC-PPzmienne (WIBOR6M + marża),1.20%,7.01%
PGE,PGE0526,BS ASO,1,"100,0000",-,-,-,-,-,-,-,-,-,-,-,-,-,-,-,-,PGE0526,"1,000.00",2026-05-21,514.0,150,CB-FC-PPzmienne (WIBOR6M + marża),1.20%,7.01%
PGE,PGE0526,BS ASO,1,"100,0000",-,-,-,-,-,-,-,-,-,-,-,-,-,-,-,-,PGE0526,"1,000.00",2026-05-21,514.0,150,CB-FC-PPzmienne (WIBOR6M + marża),1.20%,7.01%
PGE,PGE0526,BS ASO,1,"100,0000",-,-,-,-,-,-,-,-,-,-,-,-,-,-,-,-,PGE0526,"1,000.00",2026-05-21,514.0,150,CB-FC-PPzmienne (WIBOR6M + marża),1.20%,7.01%
PGE,PGE0526,BS ASO,1,"100,0000",-,-,-,-,-,-,-,-,-,-,-,-,-,-,-,-,PGE0526,"1,000.00",2026-05-21,514.0,150,CB-FC-PPzmienne (WIBOR6M + marża),1.20%,7.01%
PGE,PGE0526,GPW ASO,1,"101,7500",-,-,-,2024-12-19,-,"101,7500",-,1,2,"100,5300","101,7500",79,1,-,-,-,PGE0526,"1,000.00",2026-05-21,514.0,150,CB-FC-PPzmienne (WIBOR6M + marża),1.20%,7.01%
PGE,PGE0526,GPW ASO,1,"101,7500",-,-,-,2024-12-19,-,"101,7500",-,1,2,"100,5300","101,7500",79,1,-,-,-,PGE0526,"1,000.00",2026-05-21,514.0,150,CB-FC-PPzmienne (WIBOR6M + marża),1.20%,7.01%
PGE,PGE0526,GPW ASO,1,"101,7500",-,-,-,2024-12-19,-,"101,7500",-,1,2,"100,5300","101,7500",79,1,-,-,-,PGE0526,"1,000.00",2026-05-21,514.0,150,CB-FC-PPzmienne (WIBOR6M + marża),1.20%,7.01%
PGE,PGE0526,GPW ASO,1,"101,7500",-,-,-,2024-12-19,-,"101,7500",-,1,2,"100,5300","101,7500",79,1,-,-,-,PGE0526,"1,000.00",2026-05-21,514.0,150,CB-FC-PPzmienne (WIBOR6M + marża),1.20%,7.01%
PGE,PGE0526,GPW ASO,1,"101,7500",-,-,-,2024-12-19,-,"101,7500",-,1,2,"100,5300","101,7500",79,1,-,-,-,PGE0526,"1,000.00",2026-05-21,514.0,150,CB-FC-PPzmienne (WIBOR6M + marża),1.20%,7.01%
PGE,PGE0526,GPW ASO,1,"101,7500",-,-,-,2024-12-19,-,"101,7500",-,1,2,"100,5300","101,7500",79,1,-,-,-,PGE0526,"1,000.00",2026-05-21,514.0,150,CB-FC-PPzmienne (WIBOR6M + marża),1.20%,7.01%
PGE,PGE0526,GPW ASO,1,"101,7500",-,-,-,2024-12-19,-,"101,7500",-,1,2,"100,5300","101,7500",79,1,-,-,-,PGE0526,"1,000.00",2026-05-21,514.0,150,CB-FC-PPzmienne (WIBOR6M + marża),1.20%,7.01%
PGE,PGE0526,GPW ASO,1,"101,7500",-,-,-,2024-12-19,-,"101,7500",-,1,2,"100,5300","101,7500",79,1,-,-,-,PGE0526,"1,000.00",2026-05-21,514.0,150,CB-FC-PPzmienne (WIBOR6M + marża),1.20%,7.01%
PGE,PGE0529,BS ASO,1,"100,0000",-,-,-,-,-,-,-,-,-,-,-,-,-,-,-,-,PGE0529,"1,000.00",2029-05-21,1610.0,150,CB-FC-PPzmienne (WIBOR6M + marża),1.40%,7.21%
PGE,PGE0529,BS ASO,1,"100,0000",-,-,-,-,-,-,-,-,-,-,-,-,-,-,-,-,PGE0529,"1,000.00",2029-05-21,1610.0,150,CB-FC-PPzmienne (WIBOR6M + marża),1.40%,7.21%
PGE,PGE0529,BS ASO,1,"100,0000",-,-,-,-,-,-,-,-,-,-,-,-,-,-,-,-,PGE0529,"1,000.00",2029-05-21,1610.0,150,CB-FC-PPzmienne (WIBOR6M + marża),1.40%,7.21%
PGE,PGE0529,BS ASO,1,"100,0000",-,-,-,-,-,-,-,-,-,-,-,-,-,-,-,-,PGE0529,"1,000.00",2029-05-21,1610.0,150,CB-FC-PPzmienne (WIBOR6M + marża),1.40%,7.21%
PGE,PGE0529,BS ASO,1,"100,0000",-,-,-,-,-,-,-,-,-,-,-,-,-,-,-,-,PGE0529,"1,000.00",2029-05-21,1610.0,150,CB-FC-PPzmienne (WIBOR6M + marża),1.40%,7.21%
PGE,PGE0529,BS ASO,1,"100,0000",-,-,-,-,-,-,-,-,-,-,-,-,-,-,-,-,PGE0529,"1,000.00",2029-05-21,1610.0,150,CB-FC-PPzmienne (WIBOR6M + marża),1.40%,7.21%
PGE,PGE0529,BS ASO,1,"100,0000",-,-,-,-,-,-,-,-,-,-,-,-,-,-,-,-,PGE0529,"1,000.00",2029-05-21,1610.0,150,CB-FC-PPzmienne (WIBOR6M + marża),1.40%,7.21%
PGE,PGE0529,BS ASO,1,"100,0000",-,-,-,-,-,-,-,-,-,-,-,-,-,-,-,-,PGE0529,"1,000.00",2029-05-21,1610.0,150,CB-FC-PPzmienne (WIBOR6M + marża),1.40%,7.21%
PGE,PGE0529,GPW ASO,1,"101,3000",-,-,-,2024-12-19,-,"101,3000",-,1,40,"101,3500","101,7500",89,1,-,-,-,PGE0529,"1,000.00",2029-05-21,1610.0,150,CB-FC-PPzmienne (WIBOR6M + marża),1.40%,7.21%
PGE,PGE0529,GPW ASO,1,"101,3000",-,-,-,2024-12-19,-,"101,3000",-,1,40,"101,3500","101,7500",89,1,-,-,-,PGE0529,"1,000.00",2029-05-21,1610.0,150,CB-FC-PPzmienne (WIBOR6M + marża),1.40%,7.21%
PGE,PGE0529,GPW ASO,1,"101,3000",-,-,-,2024-12-19,-,"101,3000",-,1,40,"101,3500","101,7500",89,1,-,-,-,PGE0529,"1,000.00",2029-05-21,1610.0,150,CB-FC-PPzmienne (WIBOR6M + marża),1.40%,7.21%
PGE,PGE0529,GPW ASO,1,"101,3000",-,-,-,2024-12-19,-,"101,3000",-,1,40,"101,3500","101,7500",89,1,-,-,-,PGE0529,"1,000.00",2029-05-21,1610.0,150,CB-FC-PPzmienne (WIBOR6M + marża),1.40%,7.21%
PGE,PGE0529,GPW ASO,1,"101,3000",-,-,-,2024-12-19,-,"101,3000",-,1,40,"101,3500","101,7500",89,1,-,-,-,PGE0529,"1,000.00",2029-05-21,1610.0,150,CB-FC-PPzmienne (WIBOR6M + marża),1.40%,7.21%
PGE,PGE0529,GPW ASO,1,"101,3000",-,-,-,2024-12-19,-,"101,3000",-,1,40,"101,3500","101,7500",89,1,-,-,-,PGE0529,"1,000.00",2029-05-21,1610.0,150,CB-FC-PPzmienne (WIBOR6M + marża),1.40%,7.21%
PGE,PGE0529,GPW ASO,1,"101,3000",-,-,-,2024-12-19,-,"101,3000",-,1,40,"101,3500","101,7500",89,1,-,-,-,PGE0529,"1,000.00",2029-05-21,1610.0,150,CB-FC-PPzmienne (WIBOR6M + marża),1.40%,7.21%
PGE,PGE0529,GPW ASO,1,"101,3000",-,-,-,2024-12-19,-,"101,3000",-,1,40,"101,3500","101,7500",89,1,-,-,-,PGE0529,"1,000.00",2029-05-21,1610.0,150,CB-FC-PPzmienne (WIBOR6M + marża),1.40%,7.21%
POLSKA GRUPA FARMACEUTYCZNA,PGF1026,GPW ASO,1,"100,0000",-,-,-,-,-,-,-,1,3,"100,0000",-,-,-,-,-,-,PGF1026,"1,000.00",2026-10-16,662.0,25,CB-FC-PPzmienne (WIBOR3M + marża),2.00%,7.87%
POLSKI HOLDING NIERUCHOMOŚCI,PHN0327,GPW ASO,1,"102,8000",-,-,-,2024-12-19,-,"102,8000",-,1,2,"103,5000","104,0000",10,1,-,-,-,PHN0327,"1,000.00",2027-03-05,802.0,73,CB-FC-PPzmienne (WIBOR6M + marża),3.90%,9.75%
POLSKI HOLDING NIERUCHOMOŚCI,PHN0526,GPW ASO,1,"104,5000",-,-,-,2024-12-19,-,"104,5000",-,1,10,"103,0200","104,5000",45,1,-,-,-,PHN0526,"1,000.00",2026-05-22,515.0,151,CB-FC-PPzmienne (WIBOR6M + marża),3.95%,9.76%
ORLEN,"PKN1225
                                    

                                                                                                            
                                                                                                             /S",GPW ASO,1,"100,1000",-,-,-,2024-11-29,-,"100,1000",-,-,-,-,"115,0000",1,1,-,-,-,,,,,,,,
PKO BP,PKO0229,GPW ASO,1,"100,8500",-,-,-,2024-12-18,-,"100,8500",-,1,1,"96,0000","100,8500",3,1,-,-,-,PKO0229,"500,000.00",2029-02-28,1528.0,68,CB-FC-PPzmienne (WIBOR6M + marża),1.59%,7.44%
PKO BP,"PKO0328
                                    
 /P",BS ASO,1,"100,0000",-,-,-,-,-,-,-,-,-,-,-,-,-,-,-,-,,,,,,,,
PKO BP,"PKO0328
                                    
 /P",BS ASO,1,"100,0000",-,-,-,-,-,-,-,-,-,-,-,-,-,-,-,-,,,,,,,,
PKO BP,"PKO0328
                                    
 /P",GPW ASO,1,"101,7000",-,-,-,2024-12-11,-,"101,7000",-,1,5,"100,0000","101,4900",8,1,-,-,-,,,,,,,,
PKO BP,"PKO0328
                                    
 /P",GPW ASO,1,"101,7000",-,-,-,2024-12-11,-,"101,7000",-,1,5,"100,0000","101,4900",8,1,-,-,-,,,,,,,,
PKO BP,"PKO0827
                                    
 /P",BS ASO,1,"101,2500",-,-,-,2018-10-09,-,"101,2500",-,-,-,-,-,-,-,-,-,-,,,,,,,,
PKO BP,"PKO0827
                                    
 /P",BS ASO,1,"101,2500",-,-,-,2018-10-09,-,"101,2500",-,-,-,-,-,-,-,-,-,-,,,,,,,,
PKO BP,"PKO0827
                                    
 /P",GPW ASO,1,"100,9800","100,9900",-,-,2024-12-20,-,"101,0900",-,1,10,"100,9300","101,0900",10,1,4,12,"1 242,46",,,,,,,,
PKO BP,"PKO0827
                                    
 /P",GPW ASO,1,"100,9800","100,9900",-,-,2024-12-20,-,"101,0900",-,1,10,"100,9300","101,0900",10,1,4,12,"1 242,46",,,,,,,,
PKO BP,"PKO1034-K
                                    

                                                                                                            
                                                                                                                                                 /K",GPW ASO,1,"100,0000",-,-,-,-,-,-,-,1,1,"96,0000","104,0000",1,1,-,-,-,,,,,,,,
P4 SP. Z O.O.,PLY1226,GPW ASO,1,"100,6000",-,-,-,2024-12-02,-,"100,6000",-,1,1,"99,5000","100,6000",10,1,-,-,-,PLY1226,"500,000.00",2026-12-11,718.0,173,CB-FC-PPzmienne (WIBOR6M + marża),1.75%,7.53%
P4 SP. Z O.O.,PLY1227,GPW ASO,1,"100,3900",-,-,-,2024-12-19,-,"100,3900",-,1,3,"100,0100","100,3900",50,1,-,-,-,PLY1227,"1,000.00",2027-12-29,1101.0,7,CB-FC-PPzmienne (WIBOR6M + marża),1.85%,7.71%
PRAGMAGO,PRF0127,GPW RR,1,"101,9900","102,1600",-,-,2024-12-20,-,"102,1600",-,1,400,"100,7100","102,2200",100,1,4,400,"41,63",PRF0127,100.00,2027-01-25,763.0,34,CB-FC-PPzmienne (WIBOR3M + marża),5.15%,11.00%
PRAGMAGO,PRF0326,GPW ASO,1,"101,8800",-,-,-,2024-12-16,-,"101,8800",-,1,100,"100,4000","101,8900",63,1,-,-,-,PRF0326,100.00,2026-03-05,437.0,73,CB-FC-PPzmienne (WIBOR3M + marża),5.30%,11.15%
PRAGMAGO,PRF0327,GPW RR,1,"100,5500",-,-,-,2024-12-19,-,"100,5500",-,2,106,"100,5500","101,9900",81,1,-,-,-,PRF0327,100.00,2027-03-20,817.0,89,CB-FC-PPzmienne (WIBOR3M + marża),5.00%,10.86%
PRAGMAGO,PRF0525,GPW RR,1,"100,5000","100,9900",-,-,2024-12-20,-,"100,9900",-,1,50,"100,0000","100,9900",40,1,1,12,"1,23",PRF0525,100.00,2025-05-12,140.0,52,CB-FC-POzmienne (WIBOR3M + marża),3.90%,9.72%
PRAGMAGO,PRF0626,GPW ASO,1,"101,3900",-,-,-,2024-12-17,-,"101,3900",-,1,250,"101,0000","101,3700",28,1,-,-,-,PRF0626,100.00,2026-06-13,537.0,81,CB-FC-PPzmienne (WIBOR3M + marża),4.00%,9.87%
PRAGMAGO,PRF0627,GPW RR,1,"101,6500","101,6500",-,-,2024-12-20,-,"101,7000",-,2,171,"101,5500","101,7000",889,2,8,333,"33,86",PRF0627,100.00,2027-06-28,917.0,4,CB-CB-FC-FC-PO-POzmienne (WIBOR3M + marża),4.80%,10.65%
PRAGMAGO,PRF0727,GPW RR,1,"101,4700","101,4700",-,-,2024-12-20,-,"100,5800",-,1,100,"100,7500","101,5500",100,1,9,424,"43,71",PRF0727,100.00,2027-07-30,949.0,39,CB-FC-POzmienne (WIBOR3M + marża),4.50%,10.35%
PRAGMAGO,PRF0927,GPW RR,1,"100,0000","100,2900",-,-,2024-12-20,-,"100,3000",-,1,100,"100,2800","100,3000",116,2,9,272,"27,44",PRF0927,100.00,2027-09-02,983.0,70,CB-FC-POzmienne (WIBOR3M + marża),3.50%,9.35%
PRAGMAGO,PRF1025,GPW RR,1,"100,5000",-,-,-,2024-12-18,-,"100,5000",-,1,6,"100,5000","100,9900",39,1,-,-,-,PRF1025,100.00,2025-10-01,282.0,8,CB-FC-POzmienne (WIBOR3M + marża),3.80%,9.65%
PRAGMAGO,PRF1026,GPW RR,1,"100,9900",-,-,-,2024-12-11,-,"100,9900",-,1,200,"100,4000","100,9900",28,1,-,-,-,PRF1026,100.00,2026-10-28,674.0,36,CB-FC-POzmienne (WIBOR3M + marża),4.00%,9.85%
PRAGMAGO,PRF1126,GPW RR,1,"102,7000",-,-,-,2024-12-19,-,"102,7000",-,1,70,"102,1000","102,7000",262,2,-,-,-,PRF1126,100.00,2026-11-27,704.0,67,CB-FC-POzmienne (WIBOR3M + marża),5.30%,11.15%
PRAGMAGO,PRF1225,GPW ASO,1,"100,5000",-,-,-,2024-12-17,-,"100,5000",-,1,100,"100,5000","102,0000",100,1,-,-,-,PRF1225,100.00,2025-12-23,365.0,90,CB-FC-PPzmienne (WIBOR3M + marża),4.00%,9.85%
PZU,"PZU0727
                                    
 /P",BS ASO,1,"100,0000",-,-,-,2023-03-08,-,"100,0000",-,-,-,-,-,-,-,-,-,-,,,,,,,,
PZU,"PZU0727
                                    
 /P",BS ASO,1,"100,0000",-,-,-,2023-03-08,-,"100,0000",-,-,-,-,-,-,-,-,-,-,,,,,,,,
PZU,"PZU0727
                                    
 /P",GPW ASO,1,"101,9900","101,9900",-,-,2024-12-20,-,"101,9900",-,1,18,"101,6400","101,9900",6,1,4,16,"1 682,61",,,,,,,,
PZU,"PZU0727
                                    
 /P",GPW ASO,1,"101,9900","101,9900",-,-,2024-12-20,-,"101,9900",-,1,18,"101,6400","101,9900",6,1,4,16,"1 682,61",,,,,,,,
ROBYG,ROB0626,GPW ASO,1,"102,0000",-,-,-,2024-12-18,-,"102,0000",-,1,3,"100,5000","102,0000",38,1,-,-,-,ROB0626,"1,000.00",2026-06-17,541.0,177,CB-FC-PPzmienne (WIBOR6M + marża),2.40%,8.18%
ROBYG,"ROB1225
                                    

                                                                                                             /Z",GPW ASO,1,"100,7000",-,-,-,2024-12-03,-,"100,7000",-,-,-,-,-,-,-,-,-,-,,,,,,,,
RONSON,RON0726,GPW ASO,1,"101,9000",-,-,-,2024-12-16,-,"101,9000",-,1,10,"101,0000","102,0000",50,1,-,-,-,RON0726,"1,000.00",2026-07-03,557.0,12,CB-FC-PPzmienne (WIBOR6M + marża),4.20%,10.06%
RONSON,RON0827,GPW ASO,1,"100,3400",-,-,-,2024-12-19,-,"100,3400",-,1,3,"100,0100","101,7900",10,1,-,-,-,RON0827,"1,000.00",2027-08-15,965.0,55,CB-FC-POzmienne (WIBOR6M + marża),3.85%,9.72%
RONSON,RON0928,GPW ASO,1,"99,9800","99,9300",-,-,2024-12-20,-,"99,9800",-,1,13,"99,0000","99,9800",3,1,7,109,"111,53",RON0928,"1,000.00",2028-09-24,1371.0,92,CB-FC-PPzmienne (WIBOR6M + marża),3.30%,9.15%
R.POWER S.A.,"RPW1029
                                    

                                                                                                            
                                                                                                             /S",GPW ASO,1,"100,0000",-,-,-,-,-,-,-,1,10,"100,0000",-,-,-,-,-,-,,,,,,,,
SANTANDER BANK POLSKA,SPL0427,GPW ASO,1,"101,2400",-,-,-,2024-11-27,-,"101,2400",-,1,2,"100,0000","100,9800",1,1,-,-,-,SPL0427,"500,000.00",2027-04-02,830.0,101,CB-FC-PPzmienne (WIBOR6M + marża),1.50%,7.35%
SANTANDER BANK POLSKA,"SPL0428
                                    
 /P",BS ASO,1,"100,0000",-,-,-,-,-,-,-,-,-,-,-,-,-,-,-,-,,,,,,,,
SANTANDER BANK POLSKA,"SPL0428
                                    
 /P",BS ASO,1,"100,0000",-,-,-,-,-,-,-,-,-,-,-,-,-,-,-,-,,,,,,,,
SANTANDER BANK POLSKA,"SPL0428
                                    
 /P",GPW ASO,1,"100,0000",-,-,-,2024-11-25,-,"100,0000",-,1,2,"100,0100","101,4900",1,1,-,-,-,,,,,,,,
SANTANDER BANK POLSKA,"SPL0428
                                    
 /P",GPW ASO,1,"100,0000",-,-,-,2024-11-25,-,"100,0000",-,1,2,"100,0100","101,4900",1,1,-,-,-,,,,,,,,
SANTANDER BANK POLSKA,SPL0927,GPW ASO,1,"100,2500",-,-,-,2024-12-18,-,"100,2500",-,1,1,"100,0000","100,2400",1,1,-,-,-,SPL0927,"500,000.00",2027-09-30,1011.0,98,CB-FC-PPzmienne (WIBOR6M + marża),1.40%,7.25%
SANTANDER BANK POLSKA,SPL1126,GPW ASO,1,"101,2500",-,-,-,2024-08-01,-,"101,2500",-,1,2,"100,0000",-,-,-,-,-,-,SPL1126,"500,000.00",2026-11-30,707.0,158,CB-FC-PPzmienne (WIBOR6M + marża),1.80%,7.60%
INVEST TDJ ESTATE,TDJ1226,GPW ASO,1,"103,5000",-,-,-,2024-12-16,-,"103,5000",-,1,1,"102,0000","103,5000",39,1,-,-,-,TDJ1226,"1,000.00",2026-12-30,737.0,8,CB-FC-PPzmienne (WIBOR6M + marża),4.25%,10.11%
TAURON POLSKA ENERGIA,"TPE1025
                                    

                                                                                                            
                                                                                                             /S",GPW ASO,1,"101,0000","100,9900",-,-,2024-12-20,-,"100,9900",-,1,10,"100,3000","100,9900",5,1,1,13,"13,28",,,,,,,,
UNIDEVELOPMENT,UDV0426,GPW ASO,1,"100,9000",-,-,-,2024-12-12,-,"100,9000",-,1,1,"100,9000","101,8000",61,1,-,-,-,UDV0426,"1,000.00",2026-04-05,468.0,14,CB-FC-PPzmienne (WIBOR3M + marża),5.25%,11.09%
UNIDEVELOPMENT,UDV0726,GPW ASO,1,"101,0000",-,-,-,2024-08-20,-,"101,0000",-,1,2,"100,5000",-,-,-,-,-,-,UDV0726,"1,000.00",2026-07-31,585.0,39,CB-FC-PPzmienne (WIBOR3M + marża),4.60%,10.45%
UNIBEP SA,UNI1026,GPW ASO,1,"99,6000","99,5500",-,-,2024-12-20,-,"99,6000",-,-,-,-,"99,6000",476,1,4,409,"41,51",UNI1026,100.00,2026-10-19,665.0,118,CB-FC-PPzmienne (WIBOR6M + marża),4.30%,10.15%
VEHIS FINANSE,VHI0526,GPW ASO,1,"102,9800",-,-,-,2024-12-19,-,"102,9800",-,1,10,"102,0000","102,9800",12,1,-,-,-,VHI0526,"1,000.00",2026-05-28,521.0,68,CB-FC-PPzmienne (WIBOR3M + marża),7.00%,12.85%
VEHIS FINANSE,VHI0626,GPW ASO,1,"102,5500","102,5500",-,-,2024-12-20,-,"102,5500",-,1,12,"101,6000","102,5500",12,1,1,10,"10,26",VHI0626,"1,000.00",2026-06-27,551.0,5,CB-FC-PPzmienne (WIBOR3M + marża),6.70%,12.55%
VICTORIA DOM SPÓŁKA AKCYJNA,VI10825,GPW ASO,1,"100,9900","101,0000",-,-,2024-12-20,-,"101,0000",-,1,4,"100,5000","101,4000",46,1,1,3,"3,05",VI10825,"1,000.00",2025-08-30,250.0,68,CB-FC-PPzmienne (WIBOR3M + marża),4.80%,10.65%
VICTORIA DOM SPÓŁKA AKCYJNA,VID0326,GPW ASO,1,"102,6000",-,-,-,2024-12-19,-,"102,6000",-,1,3,"102,7000","103,0900",16,3,-,-,-,VID0326,"1,000.00",2026-03-21,453.0,160,CB-FC-PPzmienne (WIBOR6M + marża),7.00%,12.80%
VICTORIA DOM SPÓŁKA AKCYJNA,VID0427,GPW ASO,1,"101,1000","101,5000",-,-,2024-12-20,-,"101,5000",-,2,25,"101,5000","102,2900",19,2,1,5,"5,21",VID0427,"1,000.00",2027-04-02,830.0,101,CB-FC-POzmienne (WIBOR6M + marża),5.25%,11.10%
VICTORIA DOM SPÓŁKA AKCYJNA,VID0626,GPW ASO,1,"102,9500",-,-,-,2024-12-19,-,"102,9500",-,1,4,"100,1000","103,3700",10,1,-,-,-,VID0626,"1,000.00",2026-06-21,545.0,181,CB-FC-PPzmienne (WIBOR6M + marża),6.50%,12.28%
VICTORIA DOM SPÓŁKA AKCYJNA,VID0827,GPW ASO,1,"101,0000",-,-,-,2024-12-19,-,"101,0000",-,1,2,"100,5600","101,3300",5,1,-,-,-,VID0827,"1,000.00",2027-08-01,951.0,41,CB-FC-POzmienne (WIBOR6M + marża),4.95%,10.82%
VICTORIA DOM SPÓŁKA AKCYJNA,VID0926,GPW ASO,1,"103,5700",-,-,-,2024-12-19,-,"103,5700",-,1,8,"100,6100","103,5700",27,1,-,-,-,VID0926,"1,000.00",2026-09-27,643.0,95,CB-FC-PPzmienne (WIBOR6M + marża),6.30%,12.15%
VICTORIA DOM SPÓŁKA AKCYJNA,VID1226,GPW ASO,1,"101,0000",-,-,-,2024-12-19,-,"101,0000",-,1,3,"101,1700","102,7200",12,1,-,-,-,VID1226,"1,000.00",2026-12-21,728.0,181,CB-FC-POzmienne (WIBOR6M + marża),5.95%,11.73%
VICTORIA DOM SPÓŁKA AKCYJNA,VID1227,GPW ASO,1,"100,5000","100,5000",-,-,2024-12-20,-,"101,6800",-,2,11,"100,5000","101,6800",1,1,9,65,"65,74",,,,,,,,
VINDEXUS,VIN0127,GPW ASO,1,"103,4900","103,9800",-,-,2024-12-20,-,"103,9800",-,2,130,"102,9300","103,9400",322,2,2,136,"14,45",VIN0127,100.00,2027-01-19,757.0,28,CB-FC-PPzmienne (WIBOR3M + marża),6.00%,11.85%
VINDEXUS,VIN0327,GPW ASO,1,"102,5800","102,5800",-,-,2024-12-20,-,"102,5800",-,1,150,"101,5800","102,5900",72,1,1,70,"7,18",VIN0327,100.00,2027-03-26,823.0,4,CB-FC-PPzmienne (WIBOR3M + marża),5.40%,11.25%
VINDEXUS,VIN0727,GPW ASO,1,"101,5000",-,-,-,2024-12-10,-,"101,5000",-,3,184,"101,5000","103,0000",8,1,-,-,-,VIN0727,100.00,2027-07-15,934.0,24,CB-FC-PPzmienne (WIBOR3M + marża),4.90%,10.76%
VOXEL,VOX0625,GPW ASO,1,"101,0000",-,-,-,2024-12-19,-,"101,0000",-,1,3,"100,1100","103,9900",35,2,-,-,-,VOX0625,600.00,2025-06-24,183.0,1,CB-FC-PPzmienne (WIBOR6M + marża),3.10%,8.96%
WB ELECTRONICS,WBE1126,GPW ASO,1,"100,0000",-,-,-,-,-,-,-,-,-,-,-,-,-,-,-,-,WBE1126,"1,000.00",2026-11-06,683.0,50,CB-FC-PPzmienne (WIBOR3M + marża),2.00%,7.84%
WHITE STONE DEVELOPMENT,WSD0427,GPW ASO,1,"101,0000",-,-,-,2024-12-18,-,"101,0000",-,2,9,"100,6000","103,5000",11,1,-,-,-,WSD0427,"1,000.00",2027-04-12,840.0,21,CB-FC-PPzmienne (WIBOR3M + marża),5.30%,11.15%
WHITE STONE DEVELOPMENT,WSD0627,GPW ASO,1,"101,0000",-,-,-,2024-12-13,-,"101,0000",-,1,20,"100,5000","103,3000",19,1,-,-,-,WSD0627,"1,000.00",2027-06-28,917.0,6,CB-FC-PPzmienne (WIBOR3M + marża),4.40%,10.25%
